,pruid,prname,prnameFR,date,numconf,numprob,numdeaths,numtotal,numtested,numrecover,percentrecover,ratetested,numtoday,percentoday
0,35,Ontario,Ontario,31-01-2020,3,0,0.0,3,,,,,3.0,3.0
1,59,British Columbia,Colombie-Britannique,31-01-2020,1,0,0.0,1,,,,,1.0,1.0
2,1,Canada,Canada,31-01-2020,4,0,0.0,4,,,,,4.0,4.0
3,35,Ontario,Ontario,08-02-2020,3,0,0.0,3,,,,,0.0,0.0
4,59,British Columbia,Colombie-Britannique,08-02-2020,4,0,0.0,4,,,,,3.0,3.0
5,1,Canada,Canada,08-02-2020,7,0,0.0,7,,,,,3.0,0.75
6,35,Ontario,Ontario,16-02-2020,3,0,0.0,3,,,,,0.0,0.0
7,59,British Columbia,Colombie-Britannique,16-02-2020,5,0,0.0,5,,,,,1.0,0.25
8,1,Canada,Canada,16-02-2020,8,0,0.0,8,,,,,1.0,0.14300000000000002
9,35,Ontario,Ontario,21-02-2020,3,0,0.0,3,,,,,0.0,0.0
10,59,British Columbia,Colombie-Britannique,21-02-2020,6,0,0.0,6,,,,,1.0,0.2
11,1,Canada,Canada,21-02-2020,9,0,0.0,9,,,,,1.0,0.125
12,35,Ontario,Ontario,24-02-2020,4,0,0.0,4,,,,,1.0,0.33299999999999996
13,59,British Columbia,Colombie-Britannique,24-02-2020,6,0,0.0,6,,,,,0.0,0.0
14,1,Canada,Canada,24-02-2020,10,0,0.0,10,,,,,1.0,0.111
15,35,Ontario,Ontario,25-02-2020,4,0,0.0,4,,,,,0.0,0.0
16,59,British Columbia,Colombie-Britannique,25-02-2020,7,0,0.0,7,,,,,1.0,0.16699999999999998
17,1,Canada,Canada,25-02-2020,11,0,0.0,11,,,,,1.0,0.1
18,35,Ontario,Ontario,26-02-2020,5,0,0.0,5,,,,,1.0,0.25
19,59,British Columbia,Colombie-Britannique,26-02-2020,7,0,0.0,7,,,,,0.0,0.0
20,1,Canada,Canada,26-02-2020,12,0,0.0,12,,,,,1.0,0.091
21,35,Ontario,Ontario,27-02-2020,6,0,0.0,6,,,,,1.0,0.2
22,59,British Columbia,Colombie-Britannique,27-02-2020,7,0,0.0,7,,,,,0.0,0.0
23,1,Canada,Canada,27-02-2020,13,0,0.0,13,,,,,1.0,0.083
24,35,Ontario,Ontario,29-02-2020,8,0,0.0,8,,,,,2.0,0.33299999999999996
25,59,British Columbia,Colombie-Britannique,29-02-2020,7,0,0.0,7,,,,,0.0,0.0
26,1,Canada,Canada,29-02-2020,15,0,0.0,15,,,,,2.0,0.154
27,35,Ontario,Ontario,01-03-2020,15,0,0.0,15,,,,,7.0,0.875
28,59,British Columbia,Colombie-Britannique,01-03-2020,8,0,0.0,8,,,,,1.0,0.14300000000000002
29,24,Quebec,Québec,01-03-2020,1,0,0.0,1,,,,,1.0,1.0
30,1,Canada,Canada,01-03-2020,24,0,0.0,24,,,,,9.0,0.6
31,35,Ontario,Ontario,03-03-2020,20,0,0.0,20,,,,,5.0,0.33299999999999996
32,59,British Columbia,Colombie-Britannique,03-03-2020,12,0,0.0,12,,,,,4.0,0.5
33,24,Quebec,Québec,03-03-2020,1,0,0.0,1,,,,,0.0,0.0
34,1,Canada,Canada,03-03-2020,33,0,0.0,33,,,,,9.0,0.375
35,35,Ontario,Ontario,05-03-2020,22,0,0.0,22,,,,,2.0,0.1
36,59,British Columbia,Colombie-Britannique,05-03-2020,21,0,0.0,21,,,,,9.0,0.75
37,24,Quebec,Québec,05-03-2020,2,0,0.0,2,,,,,1.0,1.0
38,1,Canada,Canada,05-03-2020,45,0,0.0,45,,,,,12.0,0.364
39,35,Ontario,Ontario,06-03-2020,28,0,0.0,28,,,,,6.0,0.273
40,59,British Columbia,Colombie-Britannique,06-03-2020,21,0,0.0,21,,,,,0.0,0.0
41,24,Quebec,Québec,06-03-2020,2,0,0.0,2,,,,,0.0,0.0
42,1,Canada,Canada,06-03-2020,51,0,0.0,51,,,,,6.0,0.133
43,35,Ontario,Ontario,07-03-2020,28,0,0.0,28,,,,,0.0,0.0
44,59,British Columbia,Colombie-Britannique,07-03-2020,27,0,0.0,27,,,,,6.0,0.28600000000000003
45,24,Quebec,Québec,07-03-2020,2,0,0.0,2,,,,,0.0,0.0
46,1,Canada,Canada,07-03-2020,57,0,0.0,57,,,,,6.0,0.11800000000000001
47,35,Ontario,Ontario,08-03-2020,31,0,0.0,31,,,,,3.0,0.107
48,59,British Columbia,Colombie-Britannique,08-03-2020,27,0,0.0,27,,,,,0.0,0.0
49,24,Quebec,Québec,08-03-2020,3,0,0.0,3,,,,,1.0,0.5
50,48,Alberta,Alberta,08-03-2020,1,0,0.0,1,,,,,1.0,1.0
51,1,Canada,Canada,08-03-2020,62,0,0.0,62,,,,,5.0,0.08800000000000001
52,35,Ontario,Ontario,09-03-2020,34,0,0.0,34,,,,,3.0,0.09699999999999999
53,59,British Columbia,Colombie-Britannique,09-03-2020,32,0,0.0,32,,,,,5.0,0.185
54,24,Quebec,Québec,09-03-2020,4,0,0.0,4,,,,,1.0,0.33299999999999996
55,48,Alberta,Alberta,09-03-2020,7,0,0.0,7,,,,,6.0,6.0
56,1,Canada,Canada,09-03-2020,77,0,0.0,77,,,,,15.0,0.242
57,35,Ontario,Ontario,11-03-2020,42,0,0.0,42,3394.0,,,,8.0,0.235
58,59,British Columbia,Colombie-Britannique,11-03-2020,39,0,0.0,39,4373.0,,,,7.0,0.21899999999999997
59,24,Quebec,Québec,11-03-2020,7,0,0.0,7,556.0,,,,3.0,0.75
60,48,Alberta,Alberta,11-03-2020,14,0,0.0,14,1969.0,,,,7.0,1.0
61,99,Repatriated travellers,Voyageurs rapatriés,11-03-2020,1,0,0.0,1,0.0,,,,1.0,1.0
62,47,Saskatchewan,Saskatchewan,11-03-2020,0,0,0.0,0,204.0,,,,0.0,0.0
63,46,Manitoba,Manitoba,11-03-2020,0,0,0.0,0,352.0,,,,0.0,0.0
64,13,New Brunswick,Nouveau-Brunswick,11-03-2020,0,0,0.0,0,22.0,,,,0.0,0.0
65,10,Newfoundland and Labrador,Terre-Neuve-et-Labrador,11-03-2020,0,0,0.0,0,44.0,,,,0.0,0.0
66,12,Nova Scotia,Nouvelle-Écosse,11-03-2020,0,0,0.0,0,103.0,,,,0.0,0.0
67,11,Prince Edward Island,Île-du-Prince-Édouard,11-03-2020,0,0,0.0,0,6.0,,,,0.0,0.0
68,60,Yukon,Yukon,11-03-2020,0,0,0.0,0,0.0,,,,0.0,0.0
69,61,Northwest Territories,Territoires du Nord-Ouest,11-03-2020,0,0,0.0,0,0.0,,,,0.0,0.0
70,62,Nunavut,Nunavut,11-03-2020,0,0,0.0,0,0.0,,,,0.0,0.0
71,1,Canada,Canada,11-03-2020,103,0,0.0,103,11023.0,,,,26.0,0.33799999999999997
72,59,British Columbia,Colombie-Britannique,12-03-2020,46,0,0.0,46,5195.0,,,,7.0,0.179
73,48,Alberta,Alberta,12-03-2020,19,0,0.0,19,4109.0,,,,5.0,0.35700000000000004
74,47,Saskatchewan,Saskatchewan,12-03-2020,0,1,0.0,1,285.0,,,,1.0,0.0
75,46,Manitoba,Manitoba,12-03-2020,0,1,0.0,1,352.0,,,,1.0,0.0
76,35,Ontario,Ontario,12-03-2020,59,0,0.0,59,4185.0,,,,17.0,0.405
77,24,Quebec,Québec,12-03-2020,13,0,0.0,13,740.0,,,,6.0,0.857
78,13,New Brunswick,Nouveau-Brunswick,12-03-2020,0,1,0.0,1,44.0,,,,1.0,0.0
79,10,Newfoundland and Labrador,Terre-Neuve-et-Labrador,12-03-2020,0,0,0.0,0,52.0,,,,0.0,0.0
80,12,Nova Scotia,Nouvelle-Écosse,12-03-2020,0,0,0.0,0,182.0,,,,0.0,0.0
81,11,Prince Edward Island,Île-du-Prince-Édouard,12-03-2020,0,0,0.0,0,6.0,,,,0.0,0.0
82,61,Northwest Territories,Territoires du Nord-Ouest,12-03-2020,0,0,0.0,0,34.0,,,,0.0,0.0
83,62,Nunavut,Nunavut,12-03-2020,0,0,0.0,0,1.0,,,,0.0,0.0
84,99,Repatriated travellers,Voyageurs rapatriés,12-03-2020,1,0,0.0,1,0.0,,,,0.0,0.0
85,60,Yukon,Yukon,12-03-2020,0,0,0.0,0,0.0,,,,0.0,0.0
86,1,Canada,Canada,12-03-2020,138,3,0.0,141,15185.0,,,,38.0,0.369
87,59,British Columbia,Colombie-Britannique,13-03-2020,53,0,0.0,53,5195.0,,,,7.0,0.152
88,48,Alberta,Alberta,13-03-2020,23,0,0.0,23,4109.0,,,,4.0,0.21100000000000002
89,47,Saskatchewan,Saskatchewan,13-03-2020,0,1,0.0,1,285.0,,,,0.0,0.0
90,46,Manitoba,Manitoba,13-03-2020,1,2,0.0,3,352.0,,,,2.0,2.0
91,35,Ontario,Ontario,13-03-2020,79,0,0.0,79,4185.0,,,,20.0,0.33899999999999997
92,24,Quebec,Québec,13-03-2020,17,0,0.0,17,740.0,,,,4.0,0.308
93,11,Prince Edward Island,Île-du-Prince-Édouard,13-03-2020,0,0,0.0,0,6.0,,,,0.0,0.0
94,10,Newfoundland and Labrador,Terre-Neuve-et-Labrador,13-03-2020,0,0,0.0,0,52.0,,,,0.0,0.0
95,13,New Brunswick,Nouveau-Brunswick,13-03-2020,1,0,0.0,1,44.0,,,,0.0,0.0
96,12,Nova Scotia,Nouvelle-Écosse,13-03-2020,0,0,0.0,0,182.0,,,,0.0,0.0
97,99,Repatriated travellers,Voyageurs rapatriés,13-03-2020,2,0,0.0,2,0.0,,,,1.0,1.0
98,60,Yukon,Yukon,13-03-2020,0,0,0.0,0,0.0,,,,0.0,0.0
99,61,Northwest Territories,Territoires du Nord-Ouest,13-03-2020,0,0,0.0,0,34.0,,,,0.0,0.0
100,62,Nunavut,Nunavut,13-03-2020,0,0,0.0,0,1.0,,,,0.0,0.0
101,1,Canada,Canada,13-03-2020,176,3,0.0,179,15185.0,,,,38.0,0.27
102,59,British Columbia,Colombie-Britannique,14-03-2020,64,0,0.0,64,7033.0,,,,11.0,0.20800000000000002
103,48,Alberta,Alberta,14-03-2020,29,0,0.0,29,5247.0,,,,6.0,0.261
104,47,Saskatchewan,Saskatchewan,14-03-2020,0,2,0.0,2,349.0,,,,1.0,1.0
105,46,Manitoba,Manitoba,14-03-2020,1,3,0.0,4,837.0,,,,1.0,0.33299999999999996
106,35,Ontario,Ontario,14-03-2020,79,0,0.0,79,6646.0,,,,0.0,0.0
107,24,Quebec,Québec,14-03-2020,17,0,0.0,17,1584.0,,,,0.0,0.0
108,13,New Brunswick,Nouveau-Brunswick,14-03-2020,1,1,0.0,2,82.0,,,,1.0,1.0
109,10,Newfoundland and Labrador,Terre-Neuve-et-Labrador,14-03-2020,0,0,0.0,0,62.0,,,,0.0,0.0
110,12,Nova Scotia,Nouvelle-Écosse,14-03-2020,0,0,0.0,0,481.0,,,,0.0,0.0
111,11,Prince Edward Island,Île-du-Prince-Édouard,14-03-2020,0,0,0.0,0,6.0,,,,0.0,0.0
112,60,Yukon,Yukon,14-03-2020,0,0,0.0,0,0.0,,,,0.0,0.0
113,61,Northwest Territories,Territoires du Nord-Ouest,14-03-2020,0,0,0.0,0,76.0,,,,0.0,0.0
114,62,Nunavut,Nunavut,14-03-2020,0,0,0.0,0,6.0,,,,0.0,0.0
115,99,Repatriated travellers,Voyageurs rapatriés,14-03-2020,2,0,0.0,2,0.0,,,,0.0,0.0
116,1,Canada,Canada,14-03-2020,193,6,0.0,199,22409.0,,,,20.0,0.11199999999999999
117,59,British Columbia,Colombie-Britannique,15-03-2020,73,0,0.0,73,7033.0,,,,9.0,0.141
118,48,Alberta,Alberta,15-03-2020,39,0,0.0,39,5247.0,,,,10.0,0.345
119,47,Saskatchewan,Saskatchewan,15-03-2020,0,2,0.0,2,349.0,,,,0.0,0.0
120,46,Manitoba,Manitoba,15-03-2020,4,0,0.0,4,837.0,,,,0.0,0.0
121,35,Ontario,Ontario,15-03-2020,103,0,0.0,103,8461.0,,,,24.0,0.304
122,24,Quebec,Québec,15-03-2020,24,0,0.0,24,2337.0,,,,7.0,0.41200000000000003
123,10,Newfoundland and Labrador,Terre-Neuve-et-Labrador,15-03-2020,0,1,0.0,1,62.0,,,,1.0,0.0
124,13,New Brunswick,Nouveau-Brunswick,15-03-2020,1,1,0.0,2,82.0,,,,0.0,0.0
125,11,Prince Edward Island,Île-du-Prince-Édouard,15-03-2020,1,0,0.0,1,6.0,,,,1.0,0.0
126,12,Nova Scotia,Nouvelle-Écosse,15-03-2020,0,0,0.0,0,481.0,,,,0.0,0.0
127,60,Yukon,Yukon,15-03-2020,0,0,0.0,0,0.0,,,,0.0,0.0
128,61,Northwest Territories,Territoires du Nord-Ouest,15-03-2020,0,0,0.0,0,76.0,,,,0.0,0.0
129,62,Nunavut,Nunavut,15-03-2020,0,0,0.0,0,6.0,,,,0.0,0.0
130,99,Repatriated travellers,Voyageurs rapatriés,15-03-2020,4,0,0.0,4,0.0,,,,2.0,1.0
131,1,Canada,Canada,15-03-2020,249,4,0.0,253,24977.0,,,,54.0,0.271
132,59,British Columbia,Colombie-Britannique,16-03-2020,73,0,0.0,73,9926.0,,,,0.0,0.0
133,48,Alberta,Alberta,16-03-2020,56,0,0.0,56,10238.0,,,,17.0,0.436
134,47,Saskatchewan,Saskatchewan,16-03-2020,1,5,0.0,6,881.0,,,,4.0,2.0
135,46,Manitoba,Manitoba,16-03-2020,4,3,0.0,7,1848.0,,,,3.0,0.75
136,35,Ontario,Ontario,16-03-2020,145,0,0.0,145,10178.0,,,,42.0,0.408
137,24,Quebec,Québec,16-03-2020,39,0,0.0,39,3129.0,,,,15.0,0.625
138,10,Newfoundland and Labrador,Terre-Neuve-et-Labrador,16-03-2020,0,1,0.0,1,161.0,,,,0.0,0.0
139,13,New Brunswick,Nouveau-Brunswick,16-03-2020,1,5,0.0,6,143.0,,,,4.0,2.0
140,12,Nova Scotia,Nouvelle-Écosse,16-03-2020,0,3,0.0,3,1075.0,,,,3.0,0.0
141,11,Prince Edward Island,Île-du-Prince-Édouard,16-03-2020,1,0,0.0,1,6.0,,,,0.0,0.0
142,60,Yukon,Yukon,16-03-2020,0,0,0.0,0,0.0,,,,0.0,0.0
143,61,Northwest Territories,Territoires du Nord-Ouest,16-03-2020,0,0,0.0,0,138.0,,,,0.0,0.0
144,99,Repatriated travellers,Voyageurs rapatriés,16-03-2020,4,0,0.0,4,0.0,,,,0.0,0.0
145,62,Nunavut,Nunavut,16-03-2020,0,0,0.0,0,7.0,,,,0.0,0.0
146,1,Canada,Canada,16-03-2020,324,17,0.0,341,37730.0,,,,88.0,0.348
147,59,British Columbia,Colombie-Britannique,17-03-2020,103,0,0.0,103,11612.0,,,,30.0,0.41100000000000003
148,48,Alberta,Alberta,17-03-2020,74,0,0.0,74,11487.0,,,,18.0,0.321
149,47,Saskatchewan,Saskatchewan,17-03-2020,2,5,0.0,7,1066.0,,,,1.0,0.16699999999999998
150,46,Manitoba,Manitoba,17-03-2020,7,0,0.0,7,2216.0,,,,0.0,0.0
151,35,Ontario,Ontario,17-03-2020,177,0,0.0,177,11167.0,,,,32.0,0.221
152,24,Quebec,Québec,17-03-2020,50,0,0.0,50,4870.0,,,,11.0,0.282
153,10,Newfoundland and Labrador,Terre-Neuve-et-Labrador,17-03-2020,0,1,0.0,1,161.0,,,,0.0,0.0
154,13,New Brunswick,Nouveau-Brunswick,17-03-2020,2,5,0.0,7,295.0,,,,1.0,0.16699999999999998
155,12,Nova Scotia,Nouvelle-Écosse,17-03-2020,0,5,0.0,5,1075.0,,,,2.0,0.667
156,11,Prince Edward Island,Île-du-Prince-Édouard,17-03-2020,1,0,0.0,1,75.0,,,,0.0,0.0
157,60,Yukon,Yukon,17-03-2020,0,0,0.0,0,0.0,,,,0.0,0.0
158,61,Northwest Territories,Territoires du Nord-Ouest,17-03-2020,0,0,0.0,0,145.0,,,,0.0,0.0
159,62,Nunavut,Nunavut,17-03-2020,0,0,0.0,0,7.0,,,,0.0,0.0
160,99,Repatriated travellers,Voyageurs rapatriés,17-03-2020,8,0,0.0,8,0.0,,,,4.0,1.0
161,1,Canada,Canada,17-03-2020,424,16,0.0,440,44176.0,,,,99.0,0.29
162,59,British Columbia,Colombie-Britannique,18-03-2020,186,0,0.0,186,13388.0,,,,83.0,0.8059999999999999
163,48,Alberta,Alberta,18-03-2020,97,0,0.0,97,13686.0,,,,23.0,0.311
164,47,Saskatchewan,Saskatchewan,18-03-2020,2,6,0.0,8,1910.0,,,,1.0,0.14300000000000002
165,46,Manitoba,Manitoba,18-03-2020,8,7,0.0,15,2739.0,,,,8.0,1.143
166,35,Ontario,Ontario,18-03-2020,189,0,0.0,189,13869.0,,,,12.0,0.068
167,24,Quebec,Québec,18-03-2020,74,0,0.0,74,5880.0,,,,24.0,0.48
168,10,Newfoundland and Labrador,Terre-Neuve-et-Labrador,18-03-2020,0,3,0.0,3,161.0,,,,2.0,2.0
169,13,New Brunswick,Nouveau-Brunswick,18-03-2020,2,6,0.0,8,408.0,,,,1.0,0.14300000000000002
170,12,Nova Scotia,Nouvelle-Écosse,18-03-2020,1,6,0.0,7,1278.0,,,,2.0,0.4
171,60,Yukon,Yukon,18-03-2020,0,0,0.0,0,0.0,,,,0.0,0.0
172,11,Prince Edward Island,Île-du-Prince-Édouard,18-03-2020,1,0,0.0,1,75.0,,,,0.0,0.0
173,61,Northwest Territories,Territoires du Nord-Ouest,18-03-2020,0,0,0.0,0,145.0,,,,0.0,0.0
174,99,Repatriated travellers,Voyageurs rapatriés,18-03-2020,9,0,0.0,9,0.0,,,,1.0,0.125
175,62,Nunavut,Nunavut,18-03-2020,0,0,0.0,0,7.0,,,,0.0,0.0
176,1,Canada,Canada,18-03-2020,569,28,0.0,597,53546.0,,,,157.0,0.35700000000000004
177,59,British Columbia,Colombie-Britannique,19-03-2020,271,0,0.0,271,16382.0,,,,85.0,0.457
178,48,Alberta,Alberta,19-03-2020,146,0,0.0,146,16507.0,,,,49.0,0.505
179,47,Saskatchewan,Saskatchewan,19-03-2020,8,12,0.0,20,1910.0,,,,12.0,1.5
180,46,Manitoba,Manitoba,19-03-2020,17,0,0.0,17,3189.0,,,,2.0,0.133
181,35,Ontario,Ontario,19-03-2020,258,0,0.0,258,18488.0,,,,69.0,0.365
182,24,Quebec,Québec,19-03-2020,121,0,0.0,121,6757.0,,,,47.0,0.635
183,10,Newfoundland and Labrador,Terre-Neuve-et-Labrador,19-03-2020,1,2,0.0,3,267.0,,,,0.0,0.0
184,13,New Brunswick,Nouveau-Brunswick,19-03-2020,7,4,0.0,11,527.0,,,,3.0,0.375
185,12,Nova Scotia,Nouvelle-Écosse,19-03-2020,5,9,0.0,14,1520.0,,,,7.0,1.0
186,11,Prince Edward Island,Île-du-Prince-Édouard,19-03-2020,2,0,0.0,2,75.0,,,,1.0,1.0
187,61,Northwest Territories,Territoires du Nord-Ouest,19-03-2020,0,0,0.0,0,221.0,,,,0.0,0.0
188,62,Nunavut,Nunavut,19-03-2020,0,0,0.0,0,8.0,,,,0.0,0.0
189,60,Yukon,Yukon,19-03-2020,0,0,0.0,0,0.0,,,,0.0,0.0
190,99,Repatriated travellers,Voyageurs rapatriés,19-03-2020,10,0,0.0,10,0.0,,,,1.0,0.111
191,1,Canada,Canada,19-03-2020,846,27,0.0,873,65851.0,,,,276.0,0.462
192,59,British Columbia,Colombie-Britannique,20-03-2020,271,0,8.0,271,18792.0,,,,0.0,0.0
193,48,Alberta,Alberta,20-03-2020,195,0,1.0,195,19782.0,,,,49.0,0.336
194,47,Saskatchewan,Saskatchewan,20-03-2020,8,18,0.0,26,1910.0,,,,6.0,0.3
195,46,Manitoba,Manitoba,20-03-2020,17,0,0.0,17,3367.0,,,,0.0,0.0
196,35,Ontario,Ontario,20-03-2020,311,0,2.0,311,21499.0,,,,53.0,0.205
197,24,Quebec,Québec,20-03-2020,139,0,1.0,139,8539.0,,,,18.0,0.149
198,10,Newfoundland and Labrador,Terre-Neuve-et-Labrador,20-03-2020,3,1,0.0,4,287.0,,,,1.0,0.33299999999999996
199,13,New Brunswick,Nouveau-Brunswick,20-03-2020,7,4,0.0,11,640.0,,,,0.0,0.0
200,12,Nova Scotia,Nouvelle-Écosse,20-03-2020,5,10,0.0,15,1647.0,,,,1.0,0.071
201,11,Prince Edward Island,Île-du-Prince-Édouard,20-03-2020,2,0,0.0,2,75.0,,,,0.0,0.0
202,61,Northwest Territories,Territoires du Nord-Ouest,20-03-2020,0,0,0.0,0,268.0,,,,0.0,0.0
203,62,Nunavut,Nunavut,20-03-2020,0,0,0.0,0,8.0,,,,0.0,0.0
204,60,Yukon,Yukon,20-03-2020,0,0,0.0,0,0.0,,,,0.0,0.0
205,99,Repatriated travellers,Voyageurs rapatriés,20-03-2020,13,0,0.0,13,0.0,,,,3.0,0.3
206,1,Canada,Canada,20-03-2020,971,33,12.0,1004,76814.0,,,,131.0,0.15
207,59,British Columbia,Colombie-Britannique,21-03-2020,424,0,10.0,424,20417.0,,,,153.0,0.565
208,48,Alberta,Alberta,21-03-2020,226,0,1.0,226,23060.0,,,,31.0,0.159
209,47,Saskatchewan,Saskatchewan,21-03-2020,25,19,0.0,44,3807.0,,,,18.0,0.6920000000000001
210,46,Manitoba,Manitoba,21-03-2020,11,8,0.0,19,3668.0,,,,2.0,0.11800000000000001
211,35,Ontario,Ontario,21-03-2020,377,0,3.0,377,25470.0,,,,66.0,0.212
212,24,Quebec,Québec,21-03-2020,202,19,4.0,221,8539.0,,,,82.0,0.59
213,10,Newfoundland and Labrador,Terre-Neuve-et-Labrador,21-03-2020,3,3,0.0,6,299.0,,,,2.0,0.5
214,13,New Brunswick,Nouveau-Brunswick,21-03-2020,9,8,0.0,17,865.0,,,,6.0,0.545
215,12,Nova Scotia,Nouvelle-Écosse,21-03-2020,9,12,0.0,21,1956.0,,,,6.0,0.4
216,11,Prince Edward Island,Île-du-Prince-Édouard,21-03-2020,2,0,0.0,2,75.0,,,,0.0,0.0
217,61,Northwest Territories,Territoires du Nord-Ouest,21-03-2020,1,0,0.0,1,301.0,,,,1.0,0.0
218,62,Nunavut,Nunavut,21-03-2020,0,0,0.0,0,10.0,,,,0.0,0.0
219,60,Yukon,Yukon,21-03-2020,0,0,0.0,0,416.0,,,,0.0,0.0
220,99,Repatriated travellers,Voyageurs rapatriés,21-03-2020,13,0,0.0,13,0.0,,,,0.0,0.0
221,1,Canada,Canada,21-03-2020,1302,69,18.0,1371,88883.0,,,,367.0,0.366
222,59,British Columbia,Colombie-Britannique,22-03-2020,424,0,10.0,424,22135.0,,,,0.0,0.0
223,48,Alberta,Alberta,22-03-2020,259,0,1.0,259,26999.0,,,,33.0,0.146
224,47,Saskatchewan,Saskatchewan,22-03-2020,33,19,0.0,52,4407.0,,,,8.0,0.182
225,46,Manitoba,Manitoba,22-03-2020,11,8,0.0,19,3936.0,,,,0.0,0.0
226,35,Ontario,Ontario,22-03-2020,425,0,5.0,425,28570.0,,,,48.0,0.127
227,24,Quebec,Québec,22-03-2020,221,0,4.0,221,8539.0,,,,0.0,0.0
228,10,Newfoundland and Labrador,Terre-Neuve-et-Labrador,22-03-2020,3,6,0.0,9,299.0,,,,3.0,0.5
229,13,New Brunswick,Nouveau-Brunswick,22-03-2020,9,8,0.0,17,924.0,,,,0.0,0.0
230,12,Nova Scotia,Nouvelle-Écosse,22-03-2020,28,0,0.0,28,2210.0,,,,7.0,0.33299999999999996
231,11,Prince Edward Island,Île-du-Prince-Édouard,22-03-2020,3,0,0.0,3,75.0,,,,1.0,0.5
232,61,Northwest Territories,Territoires du Nord-Ouest,22-03-2020,1,0,0.0,1,301.0,,,,0.0,0.0
233,62,Nunavut,Nunavut,22-03-2020,0,0,0.0,0,13.0,,,,0.0,0.0
234,60,Yukon,Yukon,22-03-2020,0,0,0.0,0,416.0,,,,0.0,0.0
235,99,Repatriated travellers,Voyageurs rapatriés,22-03-2020,13,0,0.0,13,0.0,,,,0.0,0.0
236,1,Canada,Canada,22-03-2020,1430,41,20.0,1471,98824.0,,,,100.0,0.073
237,59,British Columbia,Colombie-Britannique,23-03-2020,472,0,13.0,472,23460.0,,,,48.0,0.113
238,48,Alberta,Alberta,23-03-2020,301,0,1.0,301,29757.0,,,,42.0,0.162
239,47,Saskatchewan,Saskatchewan,23-03-2020,65,1,0.0,66,5130.0,,,,14.0,0.26899999999999996
240,46,Manitoba,Manitoba,23-03-2020,11,9,0.0,20,4133.0,,,,1.0,0.053
241,35,Ontario,Ontario,23-03-2020,503,0,6.0,503,30688.0,,,,78.0,0.184
242,24,Quebec,Québec,23-03-2020,221,407,4.0,628,8539.0,,,,407.0,1.8419999999999999
243,10,Newfoundland and Labrador,Terre-Neuve-et-Labrador,23-03-2020,4,20,0.0,24,894.0,,,,15.0,1.6669999999999998
244,13,New Brunswick,Nouveau-Brunswick,23-03-2020,9,8,0.0,17,1139.0,,,,0.0,0.0
245,12,Nova Scotia,Nouvelle-Écosse,23-03-2020,41,0,0.0,41,2408.0,,,,13.0,0.46399999999999997
246,11,Prince Edward Island,Île-du-Prince-Édouard,23-03-2020,3,0,0.0,3,206.0,,,,0.0,0.0
247,61,Northwest Territories,Territoires du Nord-Ouest,23-03-2020,1,0,0.0,1,364.0,,,,0.0,0.0
248,62,Nunavut,Nunavut,23-03-2020,0,0,0.0,0,13.0,,,,0.0,0.0
249,60,Yukon,Yukon,23-03-2020,2,0,0.0,2,416.0,,,,2.0,0.0
250,99,Repatriated travellers,Voyageurs rapatriés,23-03-2020,13,0,0.0,13,0.0,,,,0.0,0.0
251,1,Canada,Canada,23-03-2020,1646,445,24.0,2091,107147.0,,,,620.0,0.42100000000000004
252,59,British Columbia,Colombie-Britannique,24-03-2020,617,0,13.0,617,26305.0,,,,145.0,0.307
253,48,Alberta,Alberta,24-03-2020,358,0,2.0,358,32776.0,,,,57.0,0.18899999999999997
254,47,Saskatchewan,Saskatchewan,24-03-2020,72,0,0.0,72,5604.0,,,,6.0,0.091
255,46,Manitoba,Manitoba,24-03-2020,11,10,0.0,21,4406.0,,,,1.0,0.05
256,35,Ontario,Ontario,24-03-2020,588,0,8.0,588,34727.0,,,,85.0,0.16899999999999998
257,24,Quebec,Québec,24-03-2020,221,792,4.0,1013,15071.0,,,,385.0,0.613
258,10,Newfoundland and Labrador,Terre-Neuve-et-Labrador,24-03-2020,4,31,0.0,35,1087.0,,,,11.0,0.45799999999999996
259,13,New Brunswick,Nouveau-Brunswick,24-03-2020,18,0,0.0,18,1261.0,,,,1.0,0.059000000000000004
260,12,Nova Scotia,Nouvelle-Écosse,24-03-2020,51,0,0.0,51,2641.0,,,,10.0,0.244
261,11,Prince Edward Island,Île-du-Prince-Édouard,24-03-2020,3,0,0.0,3,206.0,,,,0.0,0.0
262,60,Yukon,Yukon,24-03-2020,2,0,0.0,2,416.0,,,,0.0,0.0
263,61,Northwest Territories,Territoires du Nord-Ouest,24-03-2020,1,0,0.0,1,481.0,,,,0.0,0.0
264,62,Nunavut,Nunavut,24-03-2020,0,0,0.0,0,81.0,,,,0.0,0.0
265,99,Repatriated travellers,Voyageurs rapatriés,24-03-2020,13,0,0.0,13,0.0,,,,0.0,0.0
266,1,Canada,Canada,24-03-2020,1959,833,27.0,2792,125062.0,,,,701.0,0.335
267,59,British Columbia,Colombie-Britannique,25-03-2020,659,0,14.0,659,28344.0,,,,42.0,0.068
268,48,Alberta,Alberta,25-03-2020,419,0,2.0,419,35508.0,,,,61.0,0.17
269,47,Saskatchewan,Saskatchewan,25-03-2020,86,0,0.0,86,6111.0,,,,14.0,0.19399999999999998
270,46,Manitoba,Manitoba,25-03-2020,11,24,0.0,35,4740.0,,,,14.0,0.667
271,35,Ontario,Ontario,25-03-2020,688,0,13.0,688,38040.0,,,,100.0,0.17
272,24,Quebec,Québec,25-03-2020,1339,0,6.0,1339,27828.0,,,,326.0,0.322
273,10,Newfoundland and Labrador,Terre-Neuve-et-Labrador,25-03-2020,67,0,0.0,67,1235.0,,,,32.0,0.914
274,13,New Brunswick,Nouveau-Brunswick,25-03-2020,26,0,0.0,26,1680.0,,,,8.0,0.444
275,12,Nova Scotia,Nouvelle-Écosse,25-03-2020,68,0,0.0,68,3008.0,,,,17.0,0.33299999999999996
276,11,Prince Edward Island,Île-du-Prince-Édouard,25-03-2020,5,0,0.0,5,301.0,,,,2.0,0.667
277,61,Northwest Territories,Territoires du Nord-Ouest,25-03-2020,1,0,0.0,1,481.0,,,,0.0,0.0
278,62,Nunavut,Nunavut,25-03-2020,0,0,0.0,0,97.0,,,,0.0,0.0
279,60,Yukon,Yukon,25-03-2020,3,0,0.0,3,416.0,,,,1.0,0.5
280,99,Repatriated travellers,Voyageurs rapatriés,25-03-2020,13,0,0.0,13,0.0,,,,0.0,0.0
281,1,Canada,Canada,25-03-2020,3385,24,35.0,3409,147789.0,,,,617.0,0.221
282,59,British Columbia,Colombie-Britannique,26-03-2020,725,0,14.0,725,30238.0,,,,66.0,0.1
283,48,Alberta,Alberta,26-03-2020,486,0,2.0,486,36600.0,,,,67.0,0.16
284,47,Saskatchewan,Saskatchewan,26-03-2020,95,0,0.0,95,6729.0,,,,9.0,0.105
285,46,Manitoba,Manitoba,26-03-2020,11,25,0.0,36,5429.0,,,,1.0,0.028999999999999998
286,35,Ontario,Ontario,26-03-2020,858,0,15.0,858,41217.0,,,,170.0,0.247
287,24,Quebec,Québec,26-03-2020,1629,0,8.0,1629,33311.0,,,,290.0,0.217
288,10,Newfoundland and Labrador,Terre-Neuve-et-Labrador,26-03-2020,82,0,0.0,82,1447.0,,,,15.0,0.22399999999999998
289,13,New Brunswick,Nouveau-Brunswick,26-03-2020,33,0,0.0,33,1849.0,,,,7.0,0.26899999999999996
290,12,Nova Scotia,Nouvelle-Écosse,26-03-2020,73,0,0.0,73,3417.0,,,,5.0,0.07400000000000001
291,11,Prince Edward Island,Île-du-Prince-Édouard,26-03-2020,9,0,0.0,9,353.0,,,,4.0,0.8
292,61,Northwest Territories,Territoires du Nord-Ouest,26-03-2020,1,0,0.0,1,481.0,,,,0.0,0.0
293,62,Nunavut,Nunavut,26-03-2020,0,0,0.0,0,116.0,,,,0.0,0.0
294,60,Yukon,Yukon,26-03-2020,3,0,0.0,3,416.0,,,,0.0,0.0
295,99,Repatriated travellers,Voyageurs rapatriés,26-03-2020,13,0,0.0,13,0.0,,,,0.0,0.0
296,1,Canada,Canada,26-03-2020,4018,25,39.0,4043,161603.0,,,,634.0,0.18600000000000003
297,59,British Columbia,Colombie-Britannique,27-03-2020,725,0,14.0,725,31536.0,,,,0.0,0.0
298,48,Alberta,Alberta,27-03-2020,542,0,2.0,542,38215.0,,,,56.0,0.115
299,47,Saskatchewan,Saskatchewan,27-03-2020,104,0,0.0,104,7360.0,,,,9.0,0.095
300,46,Manitoba,Manitoba,27-03-2020,25,14,1.0,39,6022.0,,,,3.0,0.083
301,35,Ontario,Ontario,27-03-2020,993,0,18.0,993,43651.0,,,,135.0,0.157
302,24,Quebec,Québec,27-03-2020,2021,0,18.0,2021,34356.0,,,,392.0,0.24100000000000002
303,10,Newfoundland and Labrador,Terre-Neuve-et-Labrador,27-03-2020,102,0,0.0,102,1684.0,,,,20.0,0.244
304,13,New Brunswick,Nouveau-Brunswick,27-03-2020,45,0,0.0,45,2179.0,,,,12.0,0.364
305,12,Nova Scotia,Nouvelle-Écosse,27-03-2020,90,0,0.0,90,3946.0,,,,17.0,0.233
306,11,Prince Edward Island,Île-du-Prince-Édouard,27-03-2020,11,0,0.0,11,422.0,,,,2.0,0.222
307,61,Northwest Territories,Territoires du Nord-Ouest,27-03-2020,1,0,0.0,1,545.0,,,,0.0,0.0
308,62,Nunavut,Nunavut,27-03-2020,0,0,0.0,0,125.0,,,,0.0,0.0
309,60,Yukon,Yukon,27-03-2020,3,0,0.0,3,603.0,,,,0.0,0.0
310,99,Repatriated travellers,Voyageurs rapatriés,27-03-2020,13,0,0.0,13,0.0,,,,0.0,0.0
311,1,Canada,Canada,27-03-2020,4675,14,53.0,4689,170644.0,,,,646.0,0.16
312,59,British Columbia,Colombie-Britannique,28-03-2020,884,0,16.0,884,31536.0,,,,159.0,0.21899999999999997
313,48,Alberta,Alberta,28-03-2020,542,0,2.0,542,38215.0,,,,0.0,0.0
314,47,Saskatchewan,Saskatchewan,28-03-2020,134,0,0.0,134,8009.0,,,,30.0,0.28800000000000003
315,46,Manitoba,Manitoba,28-03-2020,25,39,1.0,64,6931.0,,,,25.0,0.6409999999999999
316,35,Ontario,Ontario,28-03-2020,993,0,18.0,993,45836.0,,,,0.0,0.0
317,24,Quebec,Québec,28-03-2020,2498,0,22.0,2498,46087.0,,,,477.0,0.23600000000000002
318,10,Newfoundland and Labrador,Terre-Neuve-et-Labrador,28-03-2020,120,0,0.0,120,1907.0,,,,18.0,0.17600000000000002
319,13,New Brunswick,Nouveau-Brunswick,28-03-2020,51,0,0.0,51,2512.0,,,,6.0,0.133
320,12,Nova Scotia,Nouvelle-Écosse,28-03-2020,110,0,0.0,110,4487.0,,,,20.0,0.222
321,11,Prince Edward Island,Île-du-Prince-Édouard,28-03-2020,11,0,0.0,11,422.0,,,,0.0,0.0
322,61,Northwest Territories,Territoires du Nord-Ouest,28-03-2020,1,0,0.0,1,740.0,,,,0.0,0.0
323,62,Nunavut,Nunavut,28-03-2020,0,0,0.0,0,125.0,,,,0.0,0.0
324,60,Yukon,Yukon,28-03-2020,4,0,0.0,4,641.0,,,,1.0,0.33299999999999996
325,99,Repatriated travellers,Voyageurs rapatriés,28-03-2020,13,0,0.0,13,0.0,,,,0.0,0.0
326,1,Canada,Canada,28-03-2020,5386,39,59.0,5425,187448.0,,,,736.0,0.157
327,59,British Columbia,Colombie-Britannique,29-03-2020,884,0,17.0,884,33476.0,,,,0.0,0.0
328,48,Alberta,Alberta,29-03-2020,621,0,2.0,621,44097.0,,,,79.0,0.146
329,47,Saskatchewan,Saskatchewan,29-03-2020,134,0,0.0,134,8822.0,,,,0.0,0.0
330,46,Manitoba,Manitoba,29-03-2020,69,3,1.0,72,7876.0,,,,8.0,0.125
331,35,Ontario,Ontario,29-03-2020,1355,0,19.0,1355,52002.0,,,,362.0,0.365
332,24,Quebec,Québec,29-03-2020,2840,0,22.0,2840,52204.0,,,,342.0,0.13699999999999998
333,10,Newfoundland and Labrador,Terre-Neuve-et-Labrador,29-03-2020,135,0,0.0,135,2107.0,,,,15.0,0.125
334,13,New Brunswick,Nouveau-Brunswick,29-03-2020,66,0,0.0,66,2847.0,,,,15.0,0.294
335,12,Nova Scotia,Nouvelle-Écosse,29-03-2020,122,0,0.0,122,4984.0,,,,12.0,0.109
336,11,Prince Edward Island,Île-du-Prince-Édouard,29-03-2020,11,0,0.0,11,477.0,,,,0.0,0.0
337,61,Northwest Territories,Territoires du Nord-Ouest,29-03-2020,1,0,0.0,1,740.0,,,,0.0,0.0
338,62,Nunavut,Nunavut,29-03-2020,0,0,0.0,0,125.0,,,,0.0,0.0
339,60,Yukon,Yukon,29-03-2020,4,0,0.0,4,678.0,,,,0.0,0.0
340,99,Repatriated travellers,Voyageurs rapatriés,29-03-2020,13,0,0.0,13,0.0,,,,0.0,0.0
341,1,Canada,Canada,29-03-2020,6255,3,61.0,6258,210435.0,,,,833.0,0.154
342,59,British Columbia,Colombie-Britannique,30-03-2020,960,0,19.0,960,34969.0,,,,76.0,0.086
343,48,Alberta,Alberta,30-03-2020,690,0,8.0,690,46057.0,,,,69.0,0.111
344,47,Saskatchewan,Saskatchewan,30-03-2020,175,0,2.0,175,9372.0,,,,41.0,0.306
345,46,Manitoba,Manitoba,30-03-2020,83,13,1.0,96,8326.0,,,,24.0,0.33299999999999996
346,35,Ontario,Ontario,30-03-2020,1706,0,33.0,1706,54112.0,,,,351.0,0.259
347,24,Quebec,Québec,30-03-2020,3430,0,25.0,3430,59715.0,,,,590.0,0.20800000000000002
348,10,Newfoundland and Labrador,Terre-Neuve-et-Labrador,30-03-2020,148,0,1.0,148,2332.0,,,,13.0,0.096
349,13,New Brunswick,Nouveau-Brunswick,30-03-2020,68,0,0.0,68,3267.0,,,,2.0,0.03
350,12,Nova Scotia,Nouvelle-Écosse,30-03-2020,127,0,0.0,127,5492.0,,,,5.0,0.040999999999999995
351,11,Prince Edward Island,Île-du-Prince-Édouard,30-03-2020,18,0,0.0,18,477.0,,,,7.0,0.636
352,61,Northwest Territories,Territoires du Nord-Ouest,30-03-2020,1,0,0.0,1,740.0,,,,0.0,0.0
353,62,Nunavut,Nunavut,30-03-2020,0,0,0.0,0,158.0,,,,0.0,0.0
354,60,Yukon,Yukon,30-03-2020,5,0,0.0,5,688.0,,,,1.0,0.25
355,99,Repatriated travellers,Voyageurs rapatriés,30-03-2020,13,0,0.0,13,0.0,,,,0.0,0.0
356,1,Canada,Canada,30-03-2020,7424,13,89.0,7437,225705.0,,,,1179.0,0.188
357,59,British Columbia,Colombie-Britannique,31-03-2020,970,0,19.0,970,36024.0,,,,10.0,0.01
358,48,Alberta,Alberta,31-03-2020,754,0,9.0,754,48692.0,,,,64.0,0.09300000000000001
359,47,Saskatchewan,Saskatchewan,31-03-2020,184,0,2.0,184,9372.0,,,,9.0,0.051
360,46,Manitoba,Manitoba,31-03-2020,91,12,1.0,103,8629.0,,,,7.0,0.073
361,35,Ontario,Ontario,31-03-2020,1966,0,33.0,1966,55909.0,,,,260.0,0.152
362,24,Quebec,Québec,31-03-2020,4162,0,31.0,4162,67540.0,,,,732.0,0.213
363,10,Newfoundland and Labrador,Terre-Neuve-et-Labrador,31-03-2020,152,0,1.0,152,2500.0,,,,4.0,0.027000000000000003
364,13,New Brunswick,Nouveau-Brunswick,31-03-2020,70,0,0.0,70,3630.0,,,,2.0,0.028999999999999998
365,12,Nova Scotia,Nouvelle-Écosse,31-03-2020,147,0,0.0,147,6614.0,,,,20.0,0.157
366,11,Prince Edward Island,Île-du-Prince-Édouard,31-03-2020,21,0,0.0,21,551.0,,,,3.0,0.16699999999999998
367,61,Northwest Territories,Territoires du Nord-Ouest,31-03-2020,1,0,0.0,1,808.0,,,,0.0,0.0
368,62,Nunavut,Nunavut,31-03-2020,0,0,0.0,0,167.0,,,,0.0,0.0
369,60,Yukon,Yukon,31-03-2020,5,0,0.0,5,702.0,,,,0.0,0.0
370,99,Repatriated travellers,Voyageurs rapatriés,31-03-2020,13,0,0.0,13,0.0,,,,0.0,0.0
371,1,Canada,Canada,31-03-2020,8536,12,96.0,8548,241138.0,,,,1111.0,0.149
372,59,British Columbia,Colombie-Britannique,01-04-2020,1066,0,25.0,1066,36364.0,,,,96.0,0.099
373,48,Alberta,Alberta,01-04-2020,754,0,9.0,754,53141.0,,,,0.0,0.0
374,47,Saskatchewan,Saskatchewan,01-04-2020,193,0,3.0,193,10202.0,,,,9.0,0.049
375,46,Manitoba,Manitoba,01-04-2020,109,18,1.0,127,9811.0,,,,24.0,0.233
376,35,Ontario,Ontario,01-04-2020,2392,0,37.0,2392,61009.0,,,,426.0,0.217
377,24,Quebec,Québec,01-04-2020,4611,0,33.0,4611,69711.0,,,,449.0,0.10800000000000001
378,10,Newfoundland and Labrador,Terre-Neuve-et-Labrador,01-04-2020,175,0,1.0,175,2762.0,,,,23.0,0.151
379,13,New Brunswick,Nouveau-Brunswick,01-04-2020,81,0,0.0,81,4121.0,,,,11.0,0.157
380,12,Nova Scotia,Nouvelle-Écosse,01-04-2020,173,0,0.0,173,7405.0,,,,26.0,0.177
381,11,Prince Edward Island,Île-du-Prince-Édouard,01-04-2020,21,0,0.0,21,551.0,,,,0.0,0.0
382,61,Northwest Territories,Territoires du Nord-Ouest,01-04-2020,2,0,0.0,2,951.0,,,,1.0,1.0
383,62,Nunavut,Nunavut,01-04-2020,0,0,0.0,0,183.0,,,,0.0,0.0
384,60,Yukon,Yukon,01-04-2020,5,0,0.0,5,722.0,,,,0.0,0.0
385,99,Repatriated travellers,Voyageurs rapatriés,01-04-2020,13,0,0.0,13,0.0,,,,0.0,0.0
386,1,Canada,Canada,01-04-2020,9595,18,109.0,9613,256933.0,,,,1065.0,0.125
387,59,British Columbia,Colombie-Britannique,02-04-2020,1121,0,31.0,1121,36966.0,,,,55.0,0.052000000000000005
388,48,Alberta,Alberta,02-04-2020,968,0,13.0,968,57096.0,,,,214.0,0.284
389,47,Saskatchewan,Saskatchewan,02-04-2020,206,0,3.0,206,11034.0,,,,13.0,0.067
390,46,Manitoba,Manitoba,02-04-2020,152,15,1.0,167,11098.0,,,,40.0,0.315
391,35,Ontario,Ontario,02-04-2020,2793,0,53.0,2793,64785.0,,,,401.0,0.168
392,24,Quebec,Québec,02-04-2020,5518,0,36.0,5518,74542.0,,,,907.0,0.19699999999999998
393,10,Newfoundland and Labrador,Terre-Neuve-et-Labrador,02-04-2020,183,0,1.0,183,2904.0,,,,8.0,0.046
394,13,New Brunswick,Nouveau-Brunswick,02-04-2020,91,0,0.0,91,4625.0,,,,10.0,0.12300000000000001
395,12,Nova Scotia,Nouvelle-Écosse,02-04-2020,193,0,0.0,193,8059.0,,,,20.0,0.11599999999999999
396,11,Prince Edward Island,Île-du-Prince-Édouard,02-04-2020,22,0,0.0,22,653.0,,,,1.0,0.048
397,60,Yukon,Yukon,02-04-2020,6,0,0.0,6,742.0,,,,4.0,2.0
398,61,Northwest Territories,Territoires du Nord-Ouest,02-04-2020,2,0,0.0,2,969.0,,,,2.0,0.0
399,62,Nunavut,Nunavut,02-04-2020,0,0,0.0,0,193.0,,,,-5.0,-1.0
400,99,Repatriated travellers,Voyageurs rapatriés,02-04-2020,13,0,0.0,13,0.0,,,,0.0,0.0
401,1,Canada,Canada,02-04-2020,11268,15,138.0,11283,273666.0,,,,1670.0,0.174
402,59,British Columbia,Colombie-Britannique,03-04-2020,1174,0,35.0,1174,39926.0,,,,53.0,0.047
403,48,Alberta,Alberta,03-04-2020,1075,0,18.0,1075,60508.0,,,,107.0,0.111
404,47,Saskatchewan,Saskatchewan,03-04-2020,220,0,3.0,220,11720.0,,,,14.0,0.068
405,46,Manitoba,Manitoba,03-04-2020,164,18,2.0,182,11650.0,,,,15.0,0.09
406,35,Ontario,Ontario,03-04-2020,3255,0,67.0,3255,67998.0,,,,462.0,0.165
407,24,Quebec,Québec,03-04-2020,6101,0,61.0,6101,83570.0,,,,583.0,0.106
408,10,Newfoundland and Labrador,Terre-Neuve-et-Labrador,03-04-2020,183,0,1.0,183,3136.0,,,,0.0,0.0
409,13,New Brunswick,Nouveau-Brunswick,03-04-2020,95,0,0.0,95,5036.0,,,,4.0,0.044000000000000004
410,12,Nova Scotia,Nouvelle-Écosse,03-04-2020,207,0,0.0,207,8799.0,,,,14.0,0.073
411,11,Prince Edward Island,Île-du-Prince-Édouard,03-04-2020,22,0,0.0,22,653.0,,,,0.0,0.0
412,60,Yukon,Yukon,03-04-2020,6,0,0.0,6,753.0,,,,0.0,0.0
413,61,Northwest Territories,Territoires du Nord-Ouest,03-04-2020,4,0,0.0,4,1109.0,,,,2.0,1.0
414,62,Nunavut,Nunavut,03-04-2020,0,0,0.0,0,207.0,,,,0.0,0.0
415,99,Repatriated travellers,Voyageurs rapatriés,03-04-2020,13,0,0.0,13,0.0,,,,0.0,0.0
416,1,Canada,Canada,03-04-2020,12519,18,187.0,12537,295065.0,,,,1254.0,0.111
417,59,British Columbia,Colombie-Britannique,04-04-2020,1203,0,38.0,1203,40771.0,,,,29.0,0.025
418,48,Alberta,Alberta,04-04-2020,1075,0,18.0,1075,62520.0,,,,0.0,0.0
419,47,Saskatchewan,Saskatchewan,04-04-2020,231,0,3.0,231,12244.0,,,,11.0,0.05
420,46,Manitoba,Manitoba,04-04-2020,172,22,2.0,194,12191.0,,,,12.0,0.066
421,35,Ontario,Ontario,04-04-2020,3630,0,94.0,3630,72674.0,,,,375.0,0.115
422,24,Quebec,Québec,04-04-2020,6997,0,75.0,6997,90227.0,,,,896.0,0.147
423,10,Newfoundland and Labrador,Terre-Neuve-et-Labrador,04-04-2020,195,0,1.0,195,3345.0,,,,12.0,0.066
424,13,New Brunswick,Nouveau-Brunswick,04-04-2020,98,0,0.0,98,5297.0,,,,3.0,0.032
425,12,Nova Scotia,Nouvelle-Écosse,04-04-2020,236,0,0.0,236,9722.0,,,,29.0,0.14
426,11,Prince Edward Island,Île-du-Prince-Édouard,04-04-2020,22,0,0.0,22,839.0,,,,0.0,0.0
427,60,Yukon,Yukon,04-04-2020,6,0,0.0,6,765.0,,,,0.0,0.0
428,61,Northwest Territories,Territoires du Nord-Ouest,04-04-2020,4,0,0.0,4,1169.0,,,,0.0,0.0
429,62,Nunavut,Nunavut,04-04-2020,0,0,0.0,0,207.0,,,,0.0,0.0
430,99,Repatriated travellers,Voyageurs rapatriés,04-04-2020,13,0,0.0,13,0.0,,,,0.0,0.0
431,1,Canada,Canada,04-04-2020,13882,22,231.0,13904,311971.0,,,,1367.0,0.109
432,59,British Columbia,Colombie-Britannique,05-04-2020,1203,0,38.0,1203,41556.0,704.0,58.52,,0.0,0.0
433,48,Alberta,Alberta,05-04-2020,1250,0,23.0,1250,63315.0,240.0,19.2,,175.0,0.163
434,47,Saskatchewan,Saskatchewan,05-04-2020,249,0,3.0,249,13055.0,55.0,22.09,,18.0,0.078
435,46,Manitoba,Manitoba,05-04-2020,187,16,2.0,203,12771.0,17.0,8.37,,9.0,0.046
436,35,Ontario,Ontario,05-04-2020,4038,0,119.0,4038,76027.0,1219.0,30.19,,408.0,0.11199999999999999
437,24,Quebec,Québec,05-04-2020,7944,0,94.0,7944,95955.0,0.0,0.0,,947.0,0.135
438,10,Newfoundland and Labrador,Terre-Neuve-et-Labrador,05-04-2020,217,0,1.0,217,3556.0,11.0,5.07,,22.0,0.113
439,13,New Brunswick,Nouveau-Brunswick,05-04-2020,101,0,0.0,101,5421.0,28.0,27.72,,3.0,0.031
440,12,Nova Scotia,Nouvelle-Écosse,05-04-2020,262,0,0.0,262,10084.0,50.0,19.08,,26.0,0.11
441,11,Prince Edward Island,Île-du-Prince-Édouard,05-04-2020,22,0,0.0,22,839.0,6.0,27.27,,0.0,0.0
442,60,Yukon,Yukon,05-04-2020,6,0,0.0,6,770.0,4.0,66.67,,0.0,0.0
443,61,Northwest Territories,Territoires du Nord-Ouest,05-04-2020,4,0,0.0,4,1215.0,1.0,25.0,,0.0,0.0
444,62,Nunavut,Nunavut,05-04-2020,0,0,0.0,0,227.0,0.0,,,0.0,0.0
445,99,Repatriated travellers,Voyageurs rapatriés,05-04-2020,13,0,0.0,13,0.0,0.0,0.0,,0.0,0.0
446,1,Canada,Canada,05-04-2020,15496,16,280.0,15512,324791.0,2335.0,15.05,,1608.0,0.11599999999999999
447,59,British Columbia,Colombie-Britannique,06-04-2020,1266,0,39.0,1266,42665.0,783.0,61.85,,63.0,0.052000000000000005
448,48,Alberta,Alberta,06-04-2020,1348,0,24.0,1348,64183.0,361.0,26.78,,98.0,0.078
449,47,Saskatchewan,Saskatchewan,06-04-2020,253,0,3.0,253,13680.0,81.0,32.02,,4.0,0.016
450,46,Manitoba,Manitoba,06-04-2020,190,14,2.0,204,13788.0,17.0,8.33,,1.0,0.005
451,35,Ontario,Ontario,06-04-2020,4347,0,132.0,4347,79125.0,1624.0,37.36,,309.0,0.077
452,24,Quebec,Québec,06-04-2020,8580,0,121.0,8580,100113.0,611.0,7.12,,636.0,0.08
453,10,Newfoundland and Labrador,Terre-Neuve-et-Labrador,06-04-2020,226,0,2.0,226,3776.0,32.0,14.16,,9.0,0.040999999999999995
454,13,New Brunswick,Nouveau-Brunswick,06-04-2020,103,0,0.0,103,5678.0,30.0,29.13,,2.0,0.02
455,12,Nova Scotia,Nouvelle-Écosse,06-04-2020,293,0,0.0,293,10738.0,64.0,21.84,,31.0,0.11800000000000001
456,11,Prince Edward Island,Île-du-Prince-Édouard,06-04-2020,22,0,0.0,22,839.0,8.0,36.36,,0.0,0.0
457,60,Yukon,Yukon,06-04-2020,7,0,0.0,7,775.0,4.0,57.14,,1.0,0.16699999999999998
458,61,Northwest Territories,Territoires du Nord-Ouest,06-04-2020,5,0,0.0,5,1217.0,1.0,20.0,,1.0,0.25
459,62,Nunavut,Nunavut,06-04-2020,0,0,0.0,0,229.0,0.0,,,0.0,0.0
460,99,Repatriated travellers,Voyageurs rapatriés,06-04-2020,13,0,0.0,13,,0.0,0.0,,0.0,0.0
461,1,Canada,Canada,06-04-2020,16653,14,323.0,16667,336806.0,3616.0,21.7,,1155.0,0.07400000000000001
462,59,British Columbia,Colombie-Britannique,07-04-2020,1291,0,43.0,1291,43257.0,,,,25.0,0.02
463,48,Alberta,Alberta,07-04-2020,1373,0,26.0,1373,65265.0,,,,25.0,0.019
464,47,Saskatchewan,Saskatchewan,07-04-2020,260,0,3.0,260,14203.0,,,,7.0,0.027999999999999997
465,46,Manitoba,Manitoba,07-04-2020,203,14,3.0,217,13990.0,,,,13.0,0.064
466,35,Ontario,Ontario,07-04-2020,4726,0,153.0,4726,82055.0,,,,379.0,0.087
467,24,Quebec,Québec,07-04-2020,9340,0,150.0,9340,104526.0,,,,760.0,0.08900000000000001
468,10,Newfoundland and Labrador,Terre-Neuve-et-Labrador,07-04-2020,228,0,2.0,228,3958.0,,,,2.0,0.009000000000000001
469,13,New Brunswick,Nouveau-Brunswick,07-04-2020,105,0,0.0,105,6102.0,,,,2.0,0.019
470,12,Nova Scotia,Nouvelle-Écosse,07-04-2020,310,0,0.0,310,11559.0,,,,17.0,0.057999999999999996
471,11,Prince Edward Island,Île-du-Prince-Édouard,07-04-2020,22,0,0.0,22,939.0,,,,0.0,0.0
472,60,Yukon,Yukon,07-04-2020,7,0,0.0,7,787.0,,,,0.0,0.0
473,61,Northwest Territories,Territoires du Nord-Ouest,07-04-2020,5,0,0.0,5,1230.0,,,,0.0,0.0
474,62,Nunavut,Nunavut,07-04-2020,0,0,0.0,0,234.0,,,,0.0,0.0
475,99,Repatriated travellers,Voyageurs rapatriés,07-04-2020,13,0,0.0,13,,,,,0.0,0.0
476,1,Canada,Canada,07-04-2020,17883,14,380.0,17897,348105.0,,,,1230.0,0.07400000000000001
477,59,British Columbia,Colombie-Britannique,08-04-2020,1336,0,48.0,1336,44269.0,,,,45.0,0.035
478,48,Alberta,Alberta,08-04-2020,1423,0,29.0,1423,66783.0,,,,50.0,0.036000000000000004
479,47,Saskatchewan,Saskatchewan,08-04-2020,271,0,3.0,271,15059.0,,,,11.0,0.042
480,46,Manitoba,Manitoba,08-04-2020,206,15,3.0,221,14569.0,,,,4.0,0.018000000000000002
481,35,Ontario,Ontario,08-04-2020,5276,0,174.0,5276,85703.0,,,,550.0,0.11599999999999999
482,24,Quebec,Québec,08-04-2020,10031,0,175.0,10031,109270.0,,,,691.0,0.07400000000000001
483,10,Newfoundland and Labrador,Terre-Neuve-et-Labrador,08-04-2020,232,0,2.0,232,4135.0,,,,4.0,0.018000000000000002
484,13,New Brunswick,Nouveau-Brunswick,08-04-2020,108,0,0.0,108,6477.0,,,,3.0,0.028999999999999998
485,12,Nova Scotia,Nouvelle-Écosse,08-04-2020,342,0,1.0,342,12072.0,,,,32.0,0.10300000000000001
486,11,Prince Edward Island,Île-du-Prince-Édouard,08-04-2020,24,0,0.0,24,1347.0,,,,2.0,0.091
487,60,Yukon,Yukon,08-04-2020,7,0,0.0,7,794.0,,,,0.0,0.0
488,61,Northwest Territories,Territoires du Nord-Ouest,08-04-2020,5,0,0.0,5,1251.0,,,,0.0,0.0
489,62,Nunavut,Nunavut,08-04-2020,0,0,0.0,0,240.0,,,,0.0,0.0
490,99,Repatriated travellers,Voyageurs rapatriés,08-04-2020,13,0,0.0,13,,,,,0.0,0.0
491,1,Canada,Canada,08-04-2020,19274,15,435.0,19289,361969.0,,,,1392.0,0.078
492,59,British Columbia,Colombie-Britannique,09-04-2020,1370,0,50.0,1370,45156.0,,,,34.0,0.025
493,48,Alberta,Alberta,09-04-2020,1451,0,32.0,1451,68116.0,,,,28.0,0.02
494,47,Saskatchewan,Saskatchewan,09-04-2020,278,0,3.0,278,16059.0,,,,7.0,0.026000000000000002
495,46,Manitoba,Manitoba,09-04-2020,207,17,3.0,224,14569.0,,,,3.0,0.013999999999999999
496,35,Ontario,Ontario,09-04-2020,5759,0,200.0,5759,89906.0,,,,483.0,0.092
497,24,Quebec,Québec,09-04-2020,10912,0,216.0,10912,113365.0,,,,881.0,0.08800000000000001
498,10,Newfoundland and Labrador,Terre-Neuve-et-Labrador,09-04-2020,236,0,3.0,236,4384.0,,,,4.0,0.017
499,13,New Brunswick,Nouveau-Brunswick,09-04-2020,111,0,0.0,111,6949.0,,,,3.0,0.027999999999999997
500,12,Nova Scotia,Nouvelle-Écosse,09-04-2020,373,0,2.0,373,13045.0,,,,31.0,0.091
501,11,Prince Edward Island,Île-du-Prince-Édouard,09-04-2020,25,0,0.0,25,1435.0,,,,1.0,0.042
502,60,Yukon,Yukon,09-04-2020,8,0,0.0,8,806.0,,,,1.0,0.14300000000000002
503,61,Northwest Territories,Territoires du Nord-Ouest,09-04-2020,5,0,0.0,5,1265.0,,,,0.0,0.0
504,62,Nunavut,Nunavut,09-04-2020,0,0,0.0,0,247.0,,,,0.0,0.0
505,99,Repatriated travellers,Voyageurs rapatriés,09-04-2020,13,0,0.0,13,,,,,0.0,0.0
506,1,Canada,Canada,09-04-2020,20748,17,509.0,20765,375302.0,,,,1476.0,0.077
507,59,British Columbia,Colombie-Britannique,10-04-2020,1410,0,55.0,1410,46236.0,,,,40.0,0.028999999999999998
508,48,Alberta,Alberta,10-04-2020,1500,0,39.0,1500,70080.0,,,,49.0,0.034
509,47,Saskatchewan,Saskatchewan,10-04-2020,285,0,3.0,285,16952.0,,,,7.0,0.025
510,46,Manitoba,Manitoba,10-04-2020,215,15,4.0,230,16075.0,,,,6.0,0.027000000000000003
511,35,Ontario,Ontario,10-04-2020,6237,0,222.0,6237,94271.0,,,,478.0,0.083
512,24,Quebec,Québec,10-04-2020,11677,0,241.0,11677,118217.0,,,,765.0,0.07
513,10,Newfoundland and Labrador,Terre-Neuve-et-Labrador,10-04-2020,239,0,3.0,239,4520.0,,,,3.0,0.013000000000000001
514,13,New Brunswick,Nouveau-Brunswick,10-04-2020,112,0,0.0,112,7299.0,,,,1.0,0.009000000000000001
515,12,Nova Scotia,Nouvelle-Écosse,10-04-2020,407,0,2.0,407,13881.0,,,,34.0,0.091
516,11,Prince Edward Island,Île-du-Prince-Édouard,10-04-2020,25,0,0.0,25,1435.0,,,,0.0,0.0
517,60,Yukon,Yukon,10-04-2020,8,0,0.0,8,806.0,,,,0.0,0.0
518,61,Northwest Territories,Territoires du Nord-Ouest,10-04-2020,5,0,0.0,5,1342.0,,,,0.0,0.0
519,62,Nunavut,Nunavut,10-04-2020,0,0,0.0,0,261.0,,,,0.0,0.0
520,99,Repatriated travellers,Voyageurs rapatriés,10-04-2020,13,0,,13,,,,,0.0,0.0
521,1,Canada,Canada,10-04-2020,22133,15,569.0,22148,391375.0,,,,1383.0,0.067
522,59,British Columbia,Colombie-Britannique,11-04-2020,1445,0,58.0,1445,46236.0,,,,35.0,0.025
523,48,Alberta,Alberta,11-04-2020,1569,0,40.0,1569,72779.0,,,,69.0,0.046
524,47,Saskatchewan,Saskatchewan,11-04-2020,289,0,4.0,289,17716.0,,,,4.0,0.013999999999999999
525,46,Manitoba,Manitoba,11-04-2020,226,17,4.0,243,16220.0,,,,13.0,0.057
526,35,Ontario,Ontario,11-04-2020,6648,0,253.0,6648,97838.0,,,,411.0,0.066
527,24,Quebec,Québec,11-04-2020,12292,0,289.0,12292,123115.0,,,,615.0,0.053
528,10,Newfoundland and Labrador,Terre-Neuve-et-Labrador,11-04-2020,241,0,3.0,241,4713.0,,,,2.0,0.008
529,13,New Brunswick,Nouveau-Brunswick,11-04-2020,112,0,0.0,112,7500.0,,,,0.0,0.0
530,12,Nova Scotia,Nouvelle-Écosse,11-04-2020,428,0,2.0,428,14511.0,,,,21.0,0.052000000000000005
531,11,Prince Edward Island,Île-du-Prince-Édouard,11-04-2020,25,0,0.0,25,1577.0,,,,0.0,0.0
532,60,Yukon,Yukon,11-04-2020,8,0,0.0,8,815.0,,,,0.0,0.0
533,61,Northwest Territories,Territoires du Nord-Ouest,11-04-2020,5,0,0.0,5,1370.0,,,,0.0,0.0
534,62,Nunavut,Nunavut,11-04-2020,0,0,0.0,0,261.0,,,,0.0,0.0
535,99,Repatriated travellers,Voyageurs rapatriés,11-04-2020,13,0,,13,,,,,0.0,0.0
536,1,Canada,Canada,11-04-2020,23301,17,653.0,23318,404651.0,,,,1170.0,0.053
537,59,British Columbia,Colombie-Britannique,12-04-2020,1445,0,58.0,1445,48360.0,,,,0.0,0.0
538,48,Alberta,Alberta,12-04-2020,1651,0,44.0,1651,74709.0,,,,82.0,0.052000000000000005
539,47,Saskatchewan,Saskatchewan,12-04-2020,296,2,4.0,298,18499.0,,,,9.0,0.031
540,46,Manitoba,Manitoba,12-04-2020,226,16,4.0,242,17066.0,,,,-1.0,-0.004
541,35,Ontario,Ontario,12-04-2020,7049,0,274.0,7049,104784.0,,,,401.0,0.06
542,24,Quebec,Québec,12-04-2020,12846,0,328.0,12846,126771.0,,,,554.0,0.045
543,10,Newfoundland and Labrador,Terre-Neuve-et-Labrador,12-04-2020,242,0,3.0,242,4812.0,,,,1.0,0.004
544,13,New Brunswick,Nouveau-Brunswick,12-04-2020,114,0,0.0,114,7760.0,,,,2.0,0.018000000000000002
545,12,Nova Scotia,Nouvelle-Écosse,12-04-2020,445,0,2.0,445,15329.0,,,,17.0,0.04
546,11,Prince Edward Island,Île-du-Prince-Édouard,12-04-2020,25,0,0.0,25,1645.0,,,,0.0,0.0
547,60,Yukon,Yukon,12-04-2020,8,0,0.0,8,815.0,,,,0.0,0.0
548,61,Northwest Territories,Territoires du Nord-Ouest,12-04-2020,5,0,0.0,5,1386.0,,,,0.0,0.0
549,62,Nunavut,Nunavut,12-04-2020,0,0,0.0,0,264.0,,,,0.0,0.0
550,99,Repatriated travellers,Voyageurs rapatriés,12-04-2020,13,0,,13,,,,,0.0,0.0
551,1,Canada,Canada,12-04-2020,24365,18,717.0,24383,422200.0,,,,1065.0,0.046
552,59,British Columbia,Colombie-Britannique,13-04-2020,1490,0,69.0,1490,49370.0,,,,45.0,0.031
553,48,Alberta,Alberta,13-04-2020,1732,0,46.0,1732,77007.0,,,,81.0,0.049
554,47,Saskatchewan,Saskatchewan,13-04-2020,300,0,4.0,300,18995.0,,,,2.0,0.006999999999999999
555,46,Manitoba,Manitoba,13-04-2020,229,17,4.0,246,17119.0,,,,4.0,0.017
556,35,Ontario,Ontario,13-04-2020,7470,0,291.0,7470,109764.0,,,,421.0,0.06
557,24,Quebec,Québec,13-04-2020,13557,0,360.0,13557,131570.0,,,,711.0,0.055
558,10,Newfoundland and Labrador,Terre-Neuve-et-Labrador,13-04-2020,244,0,3.0,244,4897.0,,,,2.0,0.008
559,13,New Brunswick,Nouveau-Brunswick,13-04-2020,116,0,0.0,116,8004.0,,,,2.0,0.018000000000000002
560,12,Nova Scotia,Nouvelle-Écosse,13-04-2020,474,0,3.0,474,16548.0,,,,29.0,0.065
561,11,Prince Edward Island,Île-du-Prince-Édouard,13-04-2020,25,0,0.0,25,1715.0,,,,0.0,0.0
562,60,Yukon,Yukon,13-04-2020,8,0,0.0,8,832.0,,,,0.0,0.0
563,61,Northwest Territories,Territoires du Nord-Ouest,13-04-2020,5,0,0.0,5,1390.0,,,,0.0,0.0
564,62,Nunavut,Nunavut,13-04-2020,0,0,0.0,0,264.0,,,,0.0,0.0
565,99,Repatriated travellers,Voyageurs rapatriés,13-04-2020,13,0,,13,,,,,0.0,0.0
566,1,Canada,Canada,13-04-2020,25663,17,780.0,25680,437475.0,,,,1297.0,0.053
567,59,British Columbia,Colombie-Britannique,14-04-2020,1517,0,72.0,1517,50134.0,,,,27.0,0.018000000000000002
568,48,Alberta,Alberta,14-04-2020,1870,0,48.0,1870,79695.0,,,,138.0,0.08
569,47,Saskatchewan,Saskatchewan,14-04-2020,301,0,4.0,301,19442.0,,,,1.0,0.003
570,46,Manitoba,Manitoba,14-04-2020,229,17,4.0,246,17789.0,,,,0.0,0.0
571,35,Ontario,Ontario,14-04-2020,7953,0,334.0,7953,115189.0,,,,483.0,0.065
572,24,Quebec,Québec,14-04-2020,14248,0,435.0,14248,137451.0,,,,691.0,0.051
573,10,Newfoundland and Labrador,Terre-Neuve-et-Labrador,14-04-2020,244,0,3.0,244,5370.0,,,,0.0,0.0
574,13,New Brunswick,Nouveau-Brunswick,14-04-2020,116,0,0.0,116,8229.0,,,,0.0,0.0
575,12,Nova Scotia,Nouvelle-Écosse,14-04-2020,517,0,3.0,517,17477.0,,,,43.0,0.091
576,11,Prince Edward Island,Île-du-Prince-Édouard,14-04-2020,25,0,0.0,25,1715.0,,,,0.0,0.0
577,60,Yukon,Yukon,14-04-2020,8,0,0.0,8,835.0,,,,0.0,0.0
578,61,Northwest Territories,Territoires du Nord-Ouest,14-04-2020,5,0,0.0,5,1393.0,,,,0.0,0.0
579,62,Nunavut,Nunavut,14-04-2020,0,0,0.0,0,264.0,,,,0.0,0.0
580,99,Repatriated travellers,Voyageurs rapatriés,14-04-2020,13,0,,13,,,,,0.0,0.0
581,1,Canada,Canada,14-04-2020,27046,17,903.0,27063,454983.0,,,,1383.0,0.054000000000000006
582,59,British Columbia,Colombie-Britannique,15-04-2020,1561,0,75.0,1561,50438.0,,,,44.0,0.028999999999999998
583,48,Alberta,Alberta,15-04-2020,1996,0,48.0,1996,79695.0,,,,126.0,0.067
584,47,Saskatchewan,Saskatchewan,15-04-2020,304,0,4.0,304,20013.0,,,,3.0,0.01
585,46,Manitoba,Manitoba,15-04-2020,231,17,5.0,246,17789.0,,,,0.0,0.0
586,35,Ontario,Ontario,15-04-2020,8447,0,385.0,8447,120182.0,,,,494.0,0.062
587,24,Quebec,Québec,15-04-2020,14860,0,487.0,14860,143174.0,,,,612.0,0.043
588,10,Newfoundland and Labrador,Terre-Neuve-et-Labrador,15-04-2020,247,0,3.0,247,5157.0,,,,3.0,0.012
589,13,New Brunswick,Nouveau-Brunswick,15-04-2020,117,0,0.0,117,8674.0,,,,1.0,0.009000000000000001
590,12,Nova Scotia,Nouvelle-Écosse,15-04-2020,549,0,3.0,549,18245.0,,,,32.0,0.062
591,11,Prince Edward Island,Île-du-Prince-Édouard,15-04-2020,26,0,0.0,26,1863.0,,,,1.0,0.04
592,60,Yukon,Yukon,15-04-2020,8,0,0.0,8,841.0,,,,0.0,0.0
593,61,Northwest Territories,Territoires du Nord-Ouest,15-04-2020,5,0,0.0,5,1401.0,,,,0.0,0.0
594,62,Nunavut,Nunavut,15-04-2020,0,0,0.0,0,264.0,,,,0.0,0.0
595,99,Repatriated travellers,Voyageurs rapatriés,15-04-2020,13,0,,13,,,,,0.0,0.0
596,1,Canada,Canada,15-04-2020,28364,17,1010.0,28381,467736.0,,,,1318.0,0.049
597,59,British Columbia,Colombie-Britannique,16-04-2020,1561,0,75.0,1561,51297.0,,,,0.0,0.0
598,48,Alberta,Alberta,16-04-2020,2158,0,50.0,2158,85502.0,,,,162.0,0.081
599,47,Saskatchewan,Saskatchewan,16-04-2020,305,0,4.0,305,20631.0,,,,1.0,0.003
600,46,Manitoba,Manitoba,16-04-2020,239,11,5.0,250,18318.0,,,,4.0,0.016
601,35,Ontario,Ontario,16-04-2020,8961,0,423.0,8961,125309.0,,,,514.0,0.061
602,24,Quebec,Québec,16-04-2020,15857,0,630.0,15857,148571.0,,,,997.0,0.067
603,10,Newfoundland and Labrador,Terre-Neuve-et-Labrador,16-04-2020,252,0,3.0,252,5305.0,,,,5.0,0.02
604,13,New Brunswick,Nouveau-Brunswick,16-04-2020,117,0,0.0,117,8945.0,,,,0.0,0.0
605,12,Nova Scotia,Nouvelle-Écosse,16-04-2020,579,0,3.0,579,19239.0,,,,30.0,0.055
606,11,Prince Edward Island,Île-du-Prince-Édouard,16-04-2020,26,0,0.0,26,1946.0,,,,0.0,0.0
607,60,Yukon,Yukon,16-04-2020,8,0,0.0,8,849.0,,,,0.0,0.0
608,61,Northwest Territories,Territoires du Nord-Ouest,16-04-2020,5,0,0.0,5,1438.0,,,,0.0,0.0
609,62,Nunavut,Nunavut,16-04-2020,0,0,0.0,0,275.0,,,,0.0,0.0
610,99,Repatriated travellers,Voyageurs rapatriés,16-04-2020,13,0,,13,,,,,0.0,0.0
611,1,Canada,Canada,16-04-2020,30081,11,1193.0,30092,487625.0,,,,1711.0,0.06
612,59,British Columbia,Colombie-Britannique,17-04-2020,1575,0,77.0,1575,52378.0,,,,14.0,0.009000000000000001
613,48,Alberta,Alberta,17-04-2020,2397,0,50.0,2397,89144.0,,,,239.0,0.111
614,47,Saskatchewan,Saskatchewan,17-04-2020,306,1,4.0,307,21212.0,,,,2.0,0.006999999999999999
615,46,Manitoba,Manitoba,17-04-2020,239,11,5.0,250,18814.0,,,,0.0,0.0
616,35,Ontario,Ontario,17-04-2020,9525,0,478.0,9525,132133.0,,,,564.0,0.063
617,24,Quebec,Québec,17-04-2020,16798,0,688.0,16798,153722.0,,,,941.0,0.059000000000000004
618,10,Newfoundland and Labrador,Terre-Neuve-et-Labrador,17-04-2020,256,0,3.0,256,5584.0,,,,4.0,0.016
619,13,New Brunswick,Nouveau-Brunswick,17-04-2020,117,0,0.0,117,9684.0,,,,0.0,0.0
620,12,Nova Scotia,Nouvelle-Écosse,17-04-2020,606,0,4.0,606,20432.0,,,,27.0,0.047
621,11,Prince Edward Island,Île-du-Prince-Édouard,17-04-2020,26,0,0.0,26,2013.0,,,,0.0,0.0
622,60,Yukon,Yukon,17-04-2020,9,0,0.0,9,852.0,,,,1.0,0.125
623,61,Northwest Territories,Territoires du Nord-Ouest,17-04-2020,5,0,0.0,5,1447.0,,,,0.0,0.0
624,62,Nunavut,Nunavut,17-04-2020,0,0,0.0,0,286.0,,,,0.0,0.0
625,99,Repatriated travellers,Voyageurs rapatriés,17-04-2020,13,0,,13,,,,,0.0,0.0
626,1,Canada,Canada,17-04-2020,31872,12,1309.0,31884,507701.0,,,,1792.0,0.06
627,59,British Columbia,Colombie-Britannique,18-04-2020,1618,0,78.0,1618,53569.0,966.0,59.7,,43.0,0.027000000000000003
628,48,Alberta,Alberta,18-04-2020,2562,0,51.0,2562,92962.0,1162.0,45.36,,165.0,0.069
629,47,Saskatchewan,Saskatchewan,18-04-2020,310,3,4.0,313,21997.0,234.0,74.76,,6.0,0.02
630,46,Manitoba,Manitoba,18-04-2020,243,10,5.0,253,19412.0,132.0,52.17,,3.0,0.012
631,35,Ontario,Ontario,18-04-2020,10010,0,514.0,10010,139448.0,4875.0,48.7,,485.0,0.051
632,24,Quebec,Québec,18-04-2020,17521,0,805.0,17521,158770.0,3315.0,18.92,,723.0,0.043
633,10,Newfoundland and Labrador,Terre-Neuve-et-Labrador,18-04-2020,257,0,3.0,257,5870.0,189.0,73.54,,1.0,0.004
634,13,New Brunswick,Nouveau-Brunswick,18-04-2020,118,0,0.0,118,9958.0,87.0,73.73,,1.0,0.009000000000000001
635,12,Nova Scotia,Nouvelle-Écosse,18-04-2020,649,0,7.0,649,21363.0,184.0,28.35,,43.0,0.071
636,11,Prince Edward Island,Île-du-Prince-Édouard,18-04-2020,26,0,0.0,26,2086.0,23.0,88.46,,0.0,0.0
637,60,Yukon,Yukon,18-04-2020,9,0,0.0,9,859.0,8.0,88.89,,0.0,0.0
638,61,Northwest Territories,Territoires du Nord-Ouest,18-04-2020,5,0,0.0,5,1459.0,3.0,60.0,,0.0,0.0
639,62,Nunavut,Nunavut,18-04-2020,0,0,0.0,0,304.0,0.0,,,0.0,0.0
640,99,Repatriated travellers,Voyageurs rapatriés,18-04-2020,13,0,,13,,,,,0.0,0.0
641,1,Canada,Canada,18-04-2020,33341,13,1467.0,33354,528057.0,11178.0,33.51,,1470.0,0.046
642,59,British Columbia,Colombie-Britannique,19-04-2020,1618,0,78.0,1618,54778.0,966.0,59.7,,0.0,0.0
643,48,Alberta,Alberta,19-04-2020,2562,0,51.0,2562,97180.0,1162.0,45.36,,0.0,0.0
644,47,Saskatchewan,Saskatchewan,19-04-2020,314,1,4.0,315,22759.0,234.0,74.29,,2.0,0.006
645,46,Manitoba,Manitoba,19-04-2020,245,8,5.0,253,19634.0,143.0,56.52,,0.0,0.0
646,35,Ontario,Ontario,19-04-2020,10578,0,553.0,10578,148106.0,5209.0,49.24,,568.0,0.057
647,24,Quebec,Québec,19-04-2020,18357,0,877.0,18357,163548.0,3555.0,19.37,,836.0,0.048
648,10,Newfoundland and Labrador,Terre-Neuve-et-Labrador,19-04-2020,257,0,3.0,257,6128.0,191.0,74.32,,0.0,0.0
649,13,New Brunswick,Nouveau-Brunswick,19-04-2020,118,0,0.0,118,10290.0,92.0,77.97,,0.0,0.0
650,12,Nova Scotia,Nouvelle-Écosse,19-04-2020,675,0,9.0,675,22029.0,200.0,29.63,,26.0,0.04
651,11,Prince Edward Island,Île-du-Prince-Édouard,19-04-2020,26,0,0.0,26,2239.0,23.0,88.46,,0.0,0.0
652,60,Yukon,Yukon,19-04-2020,9,0,0.0,9,878.0,8.0,88.89,,0.0,0.0
653,61,Northwest Territories,Territoires du Nord-Ouest,19-04-2020,5,0,0.0,5,1476.0,3.0,60.0,,0.0,0.0
654,62,Nunavut,Nunavut,19-04-2020,0,0,0.0,0,304.0,0.0,,,0.0,0.0
655,99,Repatriated travellers,Voyageurs rapatriés,19-04-2020,13,0,,13,,,,,0.0,0.0
656,1,Canada,Canada,19-04-2020,34777,9,1580.0,34786,549349.0,11786.0,33.88,,1432.0,0.043
657,59,British Columbia,Colombie-Britannique,20-04-2020,1699,0,86.0,1699,55779.0,1039.0,61.15,,81.0,0.05
658,48,Alberta,Alberta,20-04-2020,2908,0,59.0,2908,100898.0,1230.0,42.3,,346.0,0.135
659,47,Saskatchewan,Saskatchewan,20-04-2020,316,0,4.0,316,22759.0,238.0,75.32,,1.0,0.003
660,46,Manitoba,Manitoba,20-04-2020,246,8,6.0,254,19924.0,143.0,56.3,,1.0,0.004
661,35,Ontario,Ontario,20-04-2020,11184,0,584.0,11184,148106.0,5515.0,49.31,,606.0,0.057
662,24,Quebec,Québec,20-04-2020,19319,0,939.0,19319,167801.0,3847.0,19.91,,962.0,0.052000000000000005
663,10,Newfoundland and Labrador,Terre-Neuve-et-Labrador,20-04-2020,257,0,3.0,257,6233.0,191.0,74.32,,0.0,0.0
664,13,New Brunswick,Nouveau-Brunswick,20-04-2020,118,0,0.0,118,10492.0,98.0,83.05,,0.0,0.0
665,12,Nova Scotia,Nouvelle-Écosse,20-04-2020,721,0,9.0,721,22669.0,248.0,34.4,,46.0,0.068
666,11,Prince Edward Island,Île-du-Prince-Édouard,20-04-2020,26,0,0.0,26,2239.0,23.0,88.46,,0.0,0.0
667,60,Yukon,Yukon,20-04-2020,11,0,0.0,11,878.0,8.0,72.73,,2.0,0.222
668,61,Northwest Territories,Territoires du Nord-Ouest,20-04-2020,5,0,0.0,5,1495.0,5.0,100.0,,0.0,0.0
669,62,Nunavut,Nunavut,20-04-2020,0,0,0.0,0,305.0,0.0,,,0.0,0.0
670,99,Repatriated travellers,Voyageurs rapatriés,20-04-2020,13,0,,13,,,,,0.0,0.0
671,1,Canada,Canada,20-04-2020,36823,8,1690.0,36831,559578.0,12585.0,34.17,,2045.0,0.059000000000000004
672,59,British Columbia,Colombie-Britannique,21-04-2020,1724,0,87.0,1724,56526.0,1041.0,60.38,,25.0,0.015
673,48,Alberta,Alberta,21-04-2020,3095,0,61.0,3095,104370.0,1273.0,41.13,,187.0,0.064
674,47,Saskatchewan,Saskatchewan,21-04-2020,320,0,4.0,320,23554.0,252.0,78.75,,4.0,0.013000000000000001
675,46,Manitoba,Manitoba,21-04-2020,246,9,6.0,255,20328.0,150.0,58.82,,1.0,0.004
676,35,Ontario,Ontario,21-04-2020,11735,0,622.0,11735,148106.0,5806.0,49.48,,551.0,0.049
677,24,Quebec,Québec,21-04-2020,20126,0,1041.0,20126,171520.0,4048.0,20.11,,807.0,0.042
678,10,Newfoundland and Labrador,Terre-Neuve-et-Labrador,21-04-2020,257,0,3.0,257,6383.0,194.0,75.49,,0.0,0.0
679,13,New Brunswick,Nouveau-Brunswick,21-04-2020,118,0,0.0,118,10799.0,102.0,86.44,,0.0,0.0
680,12,Nova Scotia,Nouvelle-Écosse,21-04-2020,737,0,10.0,737,23261.0,286.0,38.81,,16.0,0.022000000000000002
681,11,Prince Edward Island,Île-du-Prince-Édouard,21-04-2020,26,0,0.0,26,2330.0,23.0,88.46,,0.0,0.0
682,60,Yukon,Yukon,21-04-2020,11,0,0.0,11,872.0,8.0,72.73,,0.0,0.0
683,61,Northwest Territories,Territoires du Nord-Ouest,21-04-2020,5,0,0.0,5,1509.0,5.0,100.0,,0.0,0.0
684,62,Nunavut,Nunavut,21-04-2020,0,0,0.0,0,320.0,0.0,,,0.0,0.0
685,99,Repatriated travellers,Voyageurs rapatriés,21-04-2020,13,0,,13,,,,,0.0,0.0
686,1,Canada,Canada,21-04-2020,38413,9,1834.0,38422,569878.0,13188.0,34.32,,1591.0,0.043
687,59,British Columbia,Colombie-Britannique,22-04-2020,1795,0,90.0,1795,57499.0,1079.0,60.11,,71.0,0.040999999999999995
688,48,Alberta,Alberta,22-04-2020,3401,0,66.0,3401,108521.0,1310.0,38.52,,306.0,0.099
689,47,Saskatchewan,Saskatchewan,22-04-2020,326,0,4.0,326,24008.0,261.0,80.06,,6.0,0.019
690,46,Manitoba,Manitoba,22-04-2020,246,11,6.0,257,20651.0,154.0,59.92,,2.0,0.008
691,35,Ontario,Ontario,22-04-2020,12245,0,659.0,12245,178467.0,6221.0,50.8,,510.0,0.043
692,24,Quebec,Québec,22-04-2020,20965,0,1134.0,20965,176048.0,4291.0,20.47,,839.0,0.042
693,10,Newfoundland and Labrador,Terre-Neuve-et-Labrador,22-04-2020,256,0,3.0,256,6655.0,199.0,77.73,,-1.0,-0.004
694,13,New Brunswick,Nouveau-Brunswick,22-04-2020,118,0,0.0,118,11121.0,104.0,88.14,,0.0,0.0
695,12,Nova Scotia,Nouvelle-Écosse,22-04-2020,772,0,12.0,772,24155.0,330.0,42.75,,35.0,0.047
696,11,Prince Edward Island,Île-du-Prince-Édouard,22-04-2020,26,0,0.0,26,2344.0,24.0,92.31,,0.0,0.0
697,60,Yukon,Yukon,22-04-2020,11,0,0.0,11,878.0,8.0,72.73,,0.0,0.0
698,61,Northwest Territories,Territoires du Nord-Ouest,22-04-2020,5,0,0.0,5,1512.0,5.0,100.0,,0.0,0.0
699,62,Nunavut,Nunavut,22-04-2020,0,0,0.0,0,333.0,0.0,,,0.0,0.0
700,99,Repatriated travellers,Voyageurs rapatriés,22-04-2020,13,0,,13,,,,,0.0,0.0
701,1,Canada,Canada,22-04-2020,40179,11,1974.0,40190,612192.0,13986.0,34.8,,1768.0,0.046
702,59,British Columbia,Colombie-Britannique,23-04-2020,1824,0,94.0,1824,58848.0,1092.0,59.87,,29.0,0.016
703,48,Alberta,Alberta,23-04-2020,3720,0,67.0,3720,112562.0,1357.0,36.48,,319.0,0.094
704,47,Saskatchewan,Saskatchewan,23-04-2020,331,0,4.0,331,24504.0,270.0,81.57,,5.0,0.015
705,46,Manitoba,Manitoba,23-04-2020,251,11,6.0,262,21229.0,174.0,66.41,,5.0,0.019
706,35,Ontario,Ontario,23-04-2020,12879,0,713.0,12879,188377.0,6680.0,51.87,,634.0,0.052000000000000005
707,24,Quebec,Québec,23-04-2020,21838,0,1243.0,21838,180833.0,4484.0,20.53,,873.0,0.042
708,10,Newfoundland and Labrador,Terre-Neuve-et-Labrador,23-04-2020,256,0,3.0,256,6862.0,205.0,80.08,,0.0,0.0
709,13,New Brunswick,Nouveau-Brunswick,23-04-2020,118,0,0.0,118,11616.0,104.0,88.14,,0.0,0.0
710,12,Nova Scotia,Nouvelle-Écosse,23-04-2020,827,0,16.0,827,24884.0,358.0,43.29,,55.0,0.071
711,11,Prince Edward Island,Île-du-Prince-Édouard,23-04-2020,26,0,0.0,26,2466.0,24.0,92.31,,0.0,0.0
712,60,Yukon,Yukon,23-04-2020,11,0,0.0,11,881.0,8.0,72.73,,0.0,0.0
713,61,Northwest Territories,Territoires du Nord-Ouest,23-04-2020,5,0,0.0,5,1515.0,5.0,100.0,,0.0,0.0
714,62,Nunavut,Nunavut,23-04-2020,0,0,0.0,0,340.0,0.0,,,0.0,0.0
715,99,Repatriated travellers,Voyageurs rapatriés,23-04-2020,13,0,,13,,,,,0.0,0.0
716,1,Canada,Canada,23-04-2020,42099,11,2146.0,42110,634917.0,14761.0,35.05,,1920.0,0.048
717,59,British Columbia,Colombie-Britannique,24-04-2020,1853,0,98.0,1853,60472.0,1114.0,60.12,,29.0,0.016
718,48,Alberta,Alberta,24-04-2020,4017,0,72.0,4017,116859.0,1397.0,34.78,,297.0,0.08
719,47,Saskatchewan,Saskatchewan,24-04-2020,341,0,4.0,341,25141.0,280.0,82.11,,10.0,0.03
720,46,Manitoba,Manitoba,24-04-2020,252,11,6.0,263,21720.0,196.0,74.52,,1.0,0.004
721,35,Ontario,Ontario,24-04-2020,13519,0,763.0,13519,200270.0,7087.0,52.42,,640.0,0.05
722,24,Quebec,Québec,24-04-2020,22616,0,1340.0,22616,185632.0,4724.0,20.89,,778.0,0.036000000000000004
723,10,Newfoundland and Labrador,Terre-Neuve-et-Labrador,24-04-2020,256,0,3.0,256,7105.0,207.0,80.86,,0.0,0.0
724,13,New Brunswick,Nouveau-Brunswick,24-04-2020,118,0,0.0,118,11908.0,107.0,90.68,,0.0,0.0
725,12,Nova Scotia,Nouvelle-Écosse,24-04-2020,850,0,16.0,850,25658.0,392.0,46.12,,23.0,0.027999999999999997
726,11,Prince Edward Island,Île-du-Prince-Édouard,24-04-2020,26,0,0.0,26,2564.0,24.0,92.31,,0.0,0.0
727,60,Yukon,Yukon,24-04-2020,11,0,0.0,11,888.0,8.0,72.73,,0.0,0.0
728,61,Northwest Territories,Territoires du Nord-Ouest,24-04-2020,5,0,0.0,5,1537.0,5.0,100.0,,0.0,0.0
729,62,Nunavut,Nunavut,24-04-2020,0,0,0.0,0,354.0,0.0,,,0.0,0.0
730,99,Repatriated travellers,Voyageurs rapatriés,24-04-2020,13,0,,13,,,,,0.0,0.0
731,1,Canada,Canada,24-04-2020,43877,11,2302.0,43888,660108.0,15541.0,35.41,,1778.0,0.042
732,59,British Columbia,Colombie-Britannique,25-04-2020,1948,0,100.0,1948,63039.0,1137.0,58.37,,95.0,0.051
733,48,Alberta,Alberta,25-04-2020,4233,0,73.0,4233,121244.0,1471.0,34.75,,216.0,0.054000000000000006
734,47,Saskatchewan,Saskatchewan,25-04-2020,347,2,4.0,349,25697.0,288.0,82.52,,8.0,0.023
735,46,Manitoba,Manitoba,25-04-2020,256,11,6.0,267,21720.0,199.0,74.53,,4.0,0.015
736,35,Ontario,Ontario,25-04-2020,13995,0,811.0,13995,210502.0,7509.0,53.65,,476.0,0.035
737,24,Quebec,Québec,25-04-2020,23267,0,1446.0,23267,190765.0,5057.0,21.73,,651.0,0.028999999999999998
738,10,Newfoundland and Labrador,Terre-Neuve-et-Labrador,25-04-2020,257,0,3.0,257,7332.0,208.0,80.93,,1.0,0.004
739,13,New Brunswick,Nouveau-Brunswick,25-04-2020,118,0,0.0,118,12279.0,107.0,90.68,,0.0,0.0
740,12,Nova Scotia,Nouvelle-Écosse,25-04-2020,865,0,22.0,865,26320.0,412.0,47.63,,15.0,0.018000000000000002
741,11,Prince Edward Island,Île-du-Prince-Édouard,25-04-2020,26,0,0.0,26,2564.0,24.0,92.31,,0.0,0.0
742,60,Yukon,Yukon,25-04-2020,11,0,0.0,11,894.0,8.0,72.73,,0.0,0.0
743,61,Northwest Territories,Territoires du Nord-Ouest,25-04-2020,5,0,0.0,5,1554.0,5.0,100.0,,0.0,0.0
744,62,Nunavut,Nunavut,25-04-2020,0,0,0.0,0,361.0,0.0,,,0.0,0.0
745,99,Repatriated travellers,Voyageurs rapatriés,25-04-2020,13,0,,13,,,,,0.0,0.0
746,1,Canada,Canada,25-04-2020,45341,13,2465.0,45354,684271.0,16425.0,36.22,,1466.0,0.033
747,59,British Columbia,Colombie-Britannique,26-04-2020,1948,0,100.0,1948,64700.0,1137.0,58.37,,0.0,0.0
748,48,Alberta,Alberta,26-04-2020,4480,0,73.0,4480,125310.0,1549.0,34.58,,247.0,0.057999999999999996
749,47,Saskatchewan,Saskatchewan,26-04-2020,353,0,4.0,353,25697.0,288.0,81.59,,4.0,0.011000000000000001
750,46,Manitoba,Manitoba,26-04-2020,260,11,6.0,271,21720.0,199.0,73.43,,4.0,0.015
751,35,Ontario,Ontario,26-04-2020,14432,0,835.0,14432,222129.0,8000.0,55.43,,437.0,0.031
752,24,Quebec,Québec,26-04-2020,24107,0,1515.0,24107,195577.0,5342.0,22.16,,840.0,0.036000000000000004
753,10,Newfoundland and Labrador,Terre-Neuve-et-Labrador,26-04-2020,258,0,3.0,258,7440.0,219.0,84.88,,1.0,0.004
754,13,New Brunswick,Nouveau-Brunswick,26-04-2020,118,0,0.0,118,12525.0,111.0,94.07,,0.0,0.0
755,12,Nova Scotia,Nouvelle-Écosse,26-04-2020,873,0,24.0,873,26871.0,439.0,50.29,,8.0,0.009000000000000001
756,11,Prince Edward Island,Île-du-Prince-Édouard,26-04-2020,26,0,0.0,26,2688.0,24.0,92.31,,0.0,0.0
757,60,Yukon,Yukon,26-04-2020,11,0,0.0,11,908.0,8.0,72.73,,0.0,0.0
758,61,Northwest Territories,Territoires du Nord-Ouest,26-04-2020,5,0,0.0,5,1575.0,5.0,100.0,,0.0,0.0
759,62,Nunavut,Nunavut,26-04-2020,0,0,0.0,0,368.0,0.0,,,0.0,0.0
760,99,Repatriated travellers,Voyageurs rapatriés,26-04-2020,13,0,,13,,,,,0.0,0.0
761,1,Canada,Canada,26-04-2020,46884,11,2560.0,46895,707508.0,17321.0,36.94,,1541.0,0.034
762,59,British Columbia,Colombie-Britannique,27-04-2020,1998,0,103.0,1998,67289.0,1190.0,59.56,,50.0,0.026000000000000002
763,48,Alberta,Alberta,27-04-2020,4696,0,75.0,4696,128860.0,1664.0,35.43,,216.0,0.048
764,47,Saskatchewan,Saskatchewan,27-04-2020,365,0,5.0,365,26642.0,288.0,78.9,,12.0,0.034
765,46,Manitoba,Manitoba,27-04-2020,261,11,6.0,272,23149.0,205.0,75.37,,1.0,0.004
766,35,Ontario,Ontario,27-04-2020,14856,0,892.0,14856,234268.0,8525.0,57.38,,424.0,0.028999999999999998
767,24,Quebec,Québec,27-04-2020,24982,0,1599.0,24982,200172.0,5517.0,22.08,,875.0,0.036000000000000004
768,10,Newfoundland and Labrador,Terre-Neuve-et-Labrador,27-04-2020,258,0,3.0,258,7641.0,221.0,85.66,,0.0,0.0
769,13,New Brunswick,Nouveau-Brunswick,27-04-2020,118,0,0.0,118,12648.0,112.0,94.92,,0.0,0.0
770,12,Nova Scotia,Nouvelle-Écosse,27-04-2020,900,0,24.0,900,27437.0,509.0,56.56,,27.0,0.031
771,11,Prince Edward Island,Île-du-Prince-Édouard,27-04-2020,26,0,0.0,26,2726.0,24.0,92.31,,0.0,0.0
772,60,Yukon,Yukon,27-04-2020,11,0,0.0,11,919.0,8.0,72.73,,0.0,0.0
773,61,Northwest Territories,Territoires du Nord-Ouest,27-04-2020,5,0,0.0,5,1585.0,5.0,100.0,,0.0,0.0
774,62,Nunavut,Nunavut,27-04-2020,0,0,0.0,0,369.0,0.0,,,0.0,0.0
775,99,Repatriated travellers,Voyageurs rapatriés,27-04-2020,13,0,,13,,,,,0.0,0.0
776,1,Canada,Canada,27-04-2020,48489,11,2707.0,48500,733705.0,18268.0,37.67,,1605.0,0.034
777,59,British Columbia,Colombie-Britannique,28-04-2020,2053,0,105.0,2053,68935.0,1231.0,59.96,,55.0,0.027999999999999997
778,48,Alberta,Alberta,28-04-2020,4850,0,80.0,4850,131772.0,1800.0,37.11,,154.0,0.033
779,47,Saskatchewan,Saskatchewan,28-04-2020,366,0,5.0,366,26915.0,291.0,79.51,,1.0,0.003
780,46,Manitoba,Manitoba,28-04-2020,261,11,6.0,272,23379.0,209.0,76.84,,0.0,0.0
781,35,Ontario,Ontario,28-04-2020,15381,0,951.0,15381,244766.0,8964.0,58.28,,525.0,0.035
782,24,Quebec,Québec,28-04-2020,25757,0,1682.0,25757,204472.0,5841.0,22.68,,775.0,0.031
783,10,Newfoundland and Labrador,Terre-Neuve-et-Labrador,28-04-2020,258,0,3.0,258,7905.0,222.0,86.05,,0.0,0.0
784,13,New Brunswick,Nouveau-Brunswick,28-04-2020,118,0,0.0,118,12907.0,114.0,96.61,,0.0,0.0
785,12,Nova Scotia,Nouvelle-Écosse,28-04-2020,915,0,27.0,915,28108.0,522.0,57.05,,15.0,0.017
786,11,Prince Edward Island,Île-du-Prince-Édouard,28-04-2020,27,0,0.0,27,2726.0,24.0,88.89,,1.0,0.038
787,60,Yukon,Yukon,28-04-2020,11,0,0.0,11,953.0,8.0,72.73,,0.0,0.0
788,61,Northwest Territories,Territoires du Nord-Ouest,28-04-2020,5,0,0.0,5,1585.0,5.0,100.0,,0.0,0.0
789,62,Nunavut,Nunavut,28-04-2020,0,0,0.0,0,377.0,0.0,,,0.0,0.0
790,99,Repatriated travellers,Voyageurs rapatriés,28-04-2020,13,0,,13,,,,,0.0,0.0
791,1,Canada,Canada,28-04-2020,50015,11,2859.0,50026,754800.0,19231.0,38.44,,1526.0,0.031
792,59,British Columbia,Colombie-Britannique,29-04-2020,2087,0,109.0,2087,71210.0,1305.0,62.53,,34.0,0.017
793,48,Alberta,Alberta,29-04-2020,5165,0,87.0,5165,136511.0,1953.0,37.81,,315.0,0.065
794,47,Saskatchewan,Saskatchewan,29-04-2020,383,0,6.0,383,27328.0,291.0,75.98,,17.0,0.046
795,46,Manitoba,Manitoba,29-04-2020,263,10,6.0,273,23817.0,213.0,78.02,,1.0,0.004
796,35,Ontario,Ontario,29-04-2020,15728,0,996.0,15728,255942.0,9612.0,61.11,,347.0,0.023
797,24,Quebec,Québec,29-04-2020,26594,0,1761.0,26594,208979.0,6048.0,22.74,,837.0,0.032
798,10,Newfoundland and Labrador,Terre-Neuve-et-Labrador,29-04-2020,258,0,3.0,258,8191.0,225.0,87.21,,0.0,0.0
799,13,New Brunswick,Nouveau-Brunswick,29-04-2020,118,0,0.0,118,13121.0,114.0,96.61,,0.0,0.0
800,12,Nova Scotia,Nouvelle-Écosse,29-04-2020,935,0,28.0,935,28731.0,529.0,56.58,,20.0,0.022000000000000002
801,11,Prince Edward Island,Île-du-Prince-Édouard,29-04-2020,27,0,0.0,27,2810.0,24.0,88.89,,0.0,0.0
802,60,Yukon,Yukon,29-04-2020,11,0,0.0,11,973.0,8.0,72.73,,0.0,0.0
803,61,Northwest Territories,Territoires du Nord-Ouest,29-04-2020,5,0,0.0,5,1608.0,5.0,100.0,,0.0,0.0
804,62,Nunavut,Nunavut,29-04-2020,0,0,0.0,0,392.0,0.0,,,0.0,0.0
805,99,Repatriated travellers,Voyageurs rapatriés,29-04-2020,13,0,,13,,,,,0.0,0.0
806,1,Canada,Canada,29-04-2020,51587,10,2996.0,51597,779613.0,20327.0,39.4,,1571.0,0.031
807,59,British Columbia,Colombie-Britannique,30-04-2020,2112,0,111.0,2112,73479.0,1322.0,62.59,,25.0,0.012
808,48,Alberta,Alberta,30-04-2020,5355,0,89.0,5355,141060.0,2161.0,40.35,,190.0,0.037000000000000005
809,47,Saskatchewan,Saskatchewan,30-04-2020,389,0,6.0,389,27786.0,295.0,75.84,,6.0,0.016
810,46,Manitoba,Manitoba,30-04-2020,275,0,6.0,275,24304.0,220.0,80.0,,2.0,0.006999999999999999
811,35,Ontario,Ontario,30-04-2020,16187,0,1082.0,16187,268447.0,10205.0,63.04,,459.0,0.028999999999999998
812,24,Quebec,Québec,30-04-2020,27538,0,1859.0,27538,214047.0,6299.0,22.87,,944.0,0.035
813,10,Newfoundland and Labrador,Terre-Neuve-et-Labrador,30-04-2020,258,0,3.0,258,8376.0,225.0,87.21,,0.0,0.0
814,13,New Brunswick,Nouveau-Brunswick,30-04-2020,118,0,0.0,118,13598.0,114.0,96.61,,0.0,0.0
815,12,Nova Scotia,Nouvelle-Écosse,30-04-2020,947,0,28.0,947,29421.0,545.0,57.55,,12.0,0.013000000000000001
816,11,Prince Edward Island,Île-du-Prince-Édouard,30-04-2020,27,0,0.0,27,2922.0,24.0,88.89,,0.0,0.0
817,60,Yukon,Yukon,30-04-2020,11,0,0.0,11,984.0,9.0,81.82,,0.0,0.0
818,61,Northwest Territories,Territoires du Nord-Ouest,30-04-2020,5,0,0.0,5,1629.0,5.0,100.0,,0.0,0.0
819,62,Nunavut,Nunavut,30-04-2020,1,0,0.0,1,396.0,0.0,0.0,,1.0,0.0
820,99,Repatriated travellers,Voyageurs rapatriés,30-04-2020,13,0,,13,,,,,0.0,0.0
821,1,Canada,Canada,30-04-2020,53236,0,3184.0,53236,806449.0,21424.0,40.24,,1639.0,0.032
822,59,British Columbia,Colombie-Britannique,01-05-2020,2145,0,112.0,2145,75544.0,1357.0,63.26,,,
823,48,Alberta,Alberta,01-05-2020,5573,0,92.0,5573,145420.0,2359.0,42.33,,,
824,47,Saskatchewan,Saskatchewan,01-05-2020,415,0,6.0,415,28417.0,297.0,71.57,,,
825,46,Manitoba,Manitoba,01-05-2020,279,0,6.0,279,24975.0,235.0,84.23,,,
826,35,Ontario,Ontario,01-05-2020,16608,0,1121.0,16608,284438.0,10825.0,65.18,,,
827,24,Quebec,Québec,01-05-2020,28648,0,2022.0,28648,219367.0,6700.0,23.39,,,
828,10,Newfoundland and Labrador,Terre-Neuve-et-Labrador,01-05-2020,259,0,3.0,259,8545.0,230.0,88.8,,,
829,13,New Brunswick,Nouveau-Brunswick,01-05-2020,118,0,0.0,118,13998.0,116.0,98.31,,,
830,12,Nova Scotia,Nouvelle-Écosse,01-05-2020,959,0,29.0,959,30149.0,592.0,61.73,,,
831,11,Prince Edward Island,Île-du-Prince-Édouard,01-05-2020,27,0,0.0,27,3019.0,24.0,88.89,,,
832,60,Yukon,Yukon,01-05-2020,11,0,0.0,11,999.0,11.0,100.0,,,
833,61,Northwest Territories,Territoires du Nord-Ouest,01-05-2020,5,0,0.0,5,1629.0,5.0,100.0,,,
834,62,Nunavut,Nunavut,01-05-2020,1,0,0.0,1,421.0,0.0,0.0,,,
835,99,Repatriated travellers,Voyageurs rapatriés,01-05-2020,13,0,,13,,,,,,
836,1,Canada,Canada,01-05-2020,55061,0,3391.0,55061,836921.0,22751.0,41.32,,,
